sep=,
Group,Side,TF,Indicator,N,Mean,Median,Q25,Q75,Min,Max
ALL,ALL,M1,RSI,9380,43.641132,44.250135,30.435560,53.656929,3.924580,94.402145
ALL,ALL,M1,ADX,9380,32.057507,29.756680,22.876139,39.124408,9.852506,89.058620
ALL,ALL,M1,CCI,9380,-35.233687,-29.945256,-162.395647,94.649832,-466.666667,466.666667
ALL,ALL,M1,DI_PLUS,9380,17.674558,16.140746,11.034388,22.128536,0.632639,63.449951
ALL,ALL,M1,DI_MINUS,9380,23.553508,20.910737,15.208328,32.159281,0.844357,65.253018
ALL,ALL,M1,DI_GAP,9380,15.151541,12.214008,4.779104,24.434550,0.004206,60.382693
ALL,ALL,M1,ATR,9380,0.738189,0.415000,0.243750,0.778750,0.020750,20.077500
ALL,ALL,M1,ATR_PCT_PRICE,9380,0.033846,0.024777,0.015759,0.039934,0.001635,0.454561
ALL,ALL,M1,EMA200_DIST_POINTS,9380,355.541362,189.358151,85.880552,387.850661,0.019144,14063.641144
ALL,ALL,M1,EMA200_DIST_ATR,9380,-1.864404,-2.732484,-5.752176,2.221995,-53.209614,38.280843
ALL,ALL,M5,RSI,9380,44.142868,42.487704,33.027381,54.287876,5.435312,89.299286
ALL,ALL,M5,ADX,9380,32.945768,30.782279,23.682196,40.364355,8.736896,85.277864
ALL,ALL,M5,CCI,9380,-63.465452,-94.549218,-151.715730,37.807685,-466.666667,466.666667
ALL,ALL,M5,DI_PLUS,9380,15.217024,12.998244,8.971075,19.750388,0.838946,52.668924
ALL,ALL,M5,DI_MINUS,9380,22.907986,23.573301,15.432197,30.006041,0.887928,54.930700
ALL,ALL,M5,DI_GAP,9380,15.923010,15.638247,8.753280,22.364860,0.000576,50.541625
ALL,ALL,M5,ATR,9380,1.584926,0.960625,0.587250,1.672813,0.089500,40.461000
ALL,ALL,M5,ATR_PCT_PRICE,9380,0.072237,0.056793,0.038668,0.087383,0.006766,1.106264
ALL,ALL,M5,EMA200_DIST_POINTS,9380,652.009118,356.396027,158.588078,725.065925,0.077456,29877.625254
ALL,ALL,M5,EMA200_DIST_ATR,9380,-0.518531,-0.900557,-4.155832,3.061708,-54.339991,51.638209
ALL,ALL,M15,RSI,9376,46.431331,45.910947,36.814345,55.474025,7.383082,91.970111
ALL,ALL,M15,ADX,9376,30.309025,27.948847,21.989024,36.128226,9.519466,88.801384
ALL,ALL,M15,CCI,9376,-50.238651,-72.541383,-146.793027,48.635257,-466.666667,460.089673
ALL,ALL,M15,DI_PLUS,9376,15.999440,14.538775,10.256825,20.333452,0.523014,50.564303
ALL,ALL,M15,DI_MINUS,9376,21.571814,21.435644,15.020114,27.919478,1.117575,53.668770
ALL,ALL,M15,DI_GAP,9376,13.500393,12.494608,6.231848,19.457043,0.000067,47.698488
ALL,ALL,M15,ATR,9376,2.632423,1.615625,1.011938,2.815438,0.189750,72.907500
ALL,ALL,M15,ATR_PCT_PRICE,9376,0.120287,0.096464,0.067662,0.145388,0.014916,1.765338
ALL,ALL,M15,EMA200_DIST_POINTS,9376,1092.414969,623.910875,279.290684,1235.074404,0.003584,46096.915336
ALL,ALL,M15,EMA200_DIST_ATR,9376,0.095406,-0.113207,-3.799453,3.862536,-43.662902,50.689819
ALL,ALL,M30,RSI,9372,47.882285,47.520590,39.054735,56.517139,7.388724,90.201408
ALL,ALL,M30,ADX,9372,29.715574,27.226543,21.361237,35.918905,9.060608,88.928684
ALL,ALL,M30,CCI,9372,-34.936638,-42.056386,-127.565656,56.359877,-461.832537,466.666667
ALL,ALL,M30,DI_PLUS,9372,16.624418,15.637929,11.148802,21.218046,0.994415,48.531876
ALL,ALL,M30,DI_MINUS,9372,20.190873,19.827912,14.106951,25.741267,0.939926,50.810502
ALL,ALL,M30,DI_GAP,9372,11.919444,10.537425,5.081854,17.339001,0.004616,46.136577
ALL,ALL,M30,ATR,9372,3.719363,2.299625,1.453438,3.986812,0.367000,83.926750
ALL,ALL,M30,ATR_PCT_PRICE,9372,0.169939,0.138360,0.098136,0.205618,0.026588,2.032152
ALL,ALL,M30,EMA200_DIST_POINTS,9372,1497.209822,855.991576,380.931334,1674.889356,0.191241,59490.243776
ALL,ALL,M30,EMA200_DIST_ATR,9372,0.362870,0.353993,-3.260190,3.830174,-32.898006,39.846463
ALL,ALL,H1,RSI,9363,49.016385,48.674143,40.422946,57.873343,8.332642,88.217262
ALL,ALL,H1,ADX,9363,29.566072,27.456571,21.241450,35.450614,9.046572,86.962608
ALL,ALL,H1,CCI,9363,-19.292165,-20.429871,-103.633813,66.793512,-456.711993,370.926804
ALL,ALL,H1,DI_PLUS,9363,17.148356,16.270681,11.854125,21.552204,1.480411,48.366814
ALL,ALL,H1,DI_MINUS,9363,18.827252,18.225014,13.069631,23.943696,0.797203,50.758862
ALL,ALL,H1,DI_GAP,9363,11.054803,9.582805,4.421287,16.155392,0.002920,44.582425
ALL,ALL,H1,ATR,9363,5.317962,3.322500,2.122125,5.581125,0.627250,149.765000
ALL,ALL,H1,ATR_PCT_PRICE,9363,0.242123,0.199832,0.142130,0.291532,0.049213,3.234515
ALL,ALL,H1,EMA200_DIST_POINTS,9363,2051.533585,1183.193899,508.213303,2372.442725,0.117430,73020.813117
ALL,ALL,H1,EMA200_DIST_ATR,9363,0.559545,0.700593,-2.752800,3.979020,-29.594933,28.089176
ALL,ALL,H4,RSI,9290,50.448803,50.695266,42.307146,58.690076,10.416686,92.544762
ALL,ALL,H4,ADX,9290,29.982247,27.736483,21.521425,36.216413,8.408214,83.878545
ALL,ALL,H4,CCI,9290,0.099654,2.241794,-81.454078,81.957038,-440.069959,366.579580
ALL,ALL,H4,DI_PLUS,9290,18.149127,17.451480,12.770171,22.821700,1.872096,56.664731
ALL,ALL,H4,DI_MINUS,9290,17.596025,17.036768,12.239880,22.280708,1.143058,50.113185
ALL,ALL,H4,DI_GAP,9290,10.684951,9.240521,4.291984,15.560700,0.003882,50.389069
ALL,ALL,H4,ATR,9290,10.357145,6.537250,4.330313,10.499500,0.958250,236.049000
ALL,ALL,H4,ATR_PCT_PRICE,9290,0.465856,0.396494,0.290414,0.547773,0.074491,5.034332
ALL,ALL,H4,EMA200_DIST_POINTS,9290,4289.881693,2508.553080,1124.960563,4995.025157,0.147989,83851.475473
ALL,ALL,H4,EMA200_DIST_ATR,9290,1.002459,0.951492,-2.677227,4.891205,-33.675090,23.536023
ALL,BUY,M1,RSI,7081,37.855689,37.093587,27.830493,48.110530,3.924580,90.967288
ALL,BUY,M1,ADX,7081,32.185365,29.820007,22.985633,39.288788,9.852506,89.058620
ALL,BUY,M1,CCI,7081,-64.212103,-63.151343,-181.233568,63.676799,-466.666667,466.471357
ALL,BUY,M1,DI_PLUS,7081,15.272879,14.425850,9.826572,19.667773,0.632639,55.825725
ALL,BUY,M1,DI_MINUS,7081,26.210810,24.480212,17.172565,34.699758,0.844357,65.253018
ALL,BUY,M1,DI_GAP,7081,15.457541,12.661764,4.954386,24.754204,0.005074,58.532849
ALL,BUY,M1,ATR,7081,0.760316,0.418250,0.245000,0.799000,0.020750,20.077500
ALL,BUY,M1,ATR_PCT_PRICE,7081,0.034645,0.025121,0.015863,0.040694,0.001635,0.424861
ALL,BUY,M1,EMA200_DIST_POINTS,7081,359.317570,186.654578,84.975828,384.661980,0.019144,14063.641144
ALL,BUY,M1,EMA200_DIST_ATR,7081,-3.939080,-4.119353,-6.612912,-1.297045,-53.209614,36.389538
ALL,BUY,M5,RSI,7081,38.361153,37.788733,30.588207,45.781441,5.435312,83.192331
ALL,BUY,M5,ADX,7081,32.845729,30.759836,23.685613,40.140308,8.736896,85.277864
ALL,BUY,M5,CCI,7081,-122.202886,-120.417244,-170.158134,-78.465062,-466.666667,437.513607
ALL,BUY,M5,DI_PLUS,7081,11.631682,10.976492,8.008730,14.551303,0.838946,41.478986
ALL,BUY,M5,DI_MINUS,7081,26.663649,26.553336,21.327154,31.916740,2.539130,54.930700
ALL,BUY,M5,DI_GAP,7081,15.980123,15.678558,8.719489,22.468930,0.000576,50.541625
ALL,BUY,M5,ATR,7081,1.615037,0.963000,0.586750,1.709250,0.095750,40.461000
ALL,BUY,M5,ATR_PCT_PRICE,7081,0.073259,0.057156,0.038835,0.088496,0.006766,0.838916
ALL,BUY,M5,EMA200_DIST_POINTS,7081,652.408412,352.830634,156.323034,716.390742,0.148117,29877.625254
ALL,BUY,M5,EMA200_DIST_ATR,7081,-1.369768,-1.805731,-4.723685,1.644187,-54.339991,51.638209
ALL,BUY,M15,RSI,7077,42.388177,42.322542,34.283856,50.182474,7.383082,83.351678
ALL,BUY,M15,ADX,7077,30.257073,27.955697,22.075959,35.983645,9.519466,88.801384
ALL,BUY,M15,CCI,7077,-99.962811,-113.269546,-164.611537,-31.402058,-466.666667,353.395771
ALL,BUY,M15,DI_PLUS,7077,13.163144,12.551246,9.205618,16.659149,0.523014,38.208274
ALL,BUY,M15,DI_MINUS,7077,24.457554,24.430306,19.095985,29.668075,1.117575,53.668770
ALL,BUY,M15,DI_GAP,7077,13.410246,12.368674,6.154678,19.438845,0.000067,47.698488
ALL,BUY,M15,ATR,7077,2.658501,1.608250,1.004500,2.866250,0.189750,72.907500
ALL,BUY,M15,ATR_PCT_PRICE,7077,0.121108,0.096471,0.067296,0.145883,0.014916,1.765338
ALL,BUY,M15,EMA200_DIST_POINTS,7077,1109.081361,634.181072,281.734617,1259.699327,0.003584,46096.915336
ALL,BUY,M15,EMA200_DIST_ATR,7077,-0.275020,-0.666660,-4.187351,3.303712,-43.662902,50.689819
ALL,BUY,M30,RSI,7073,44.998790,44.883601,36.920057,52.847474,7.388724,84.255953
ALL,BUY,M30,ADX,7073,29.799462,27.213006,21.377223,35.932196,9.060608,88.928684
ALL,BUY,M30,CCI,7073,-72.188498,-80.407082,-148.436971,12.656511,-461.832537,395.678942
ALL,BUY,M30,DI_PLUS,7073,14.606726,14.123416,10.153933,18.422028,0.994415,41.774133
ALL,BUY,M30,DI_MINUS,7073,22.201160,21.995140,16.644051,27.507816,0.939926,50.810502
ALL,BUY,M30,DI_GAP,7073,11.806016,10.499782,5.039934,17.087773,0.004616,46.136577
ALL,BUY,M30,ATR,7073,3.719537,2.286750,1.440250,4.019250,0.387500,83.926750
ALL,BUY,M30,ATR_PCT_PRICE,7073,0.169915,0.138357,0.097952,0.206198,0.026588,2.032152
ALL,BUY,M30,EMA200_DIST_POINTS,7073,1618.233354,954.223233,425.307144,1829.519244,0.191241,59490.243776
ALL,BUY,M30,EMA200_DIST_ATR,7073,0.126770,-0.024475,-3.940988,4.061533,-32.898006,39.846463
ALL,BUY,H1,RSI,7064,47.155204,46.849335,38.836008,55.288774,8.332642,88.217262
ALL,BUY,H1,ADX,7064,29.692079,27.546750,21.400065,35.365899,9.046572,86.962608
ALL,BUY,H1,CCI,7064,-43.279738,-46.125619,-121.720253,44.619638,-456.711993,370.926804
ALL,BUY,H1,DI_PLUS,7064,15.915486,15.237158,11.151169,19.872616,1.480411,44.711289
ALL,BUY,H1,DI_MINUS,7064,20.039368,19.597587,14.454307,25.176528,0.797203,50.758862
ALL,BUY,H1,DI_GAP,7064,10.949126,9.482802,4.323234,16.004347,0.002920,44.582425
ALL,BUY,H1,ATR,7064,5.301971,3.301500,2.107813,5.618125,0.627250,102.780750
ALL,BUY,H1,ATR_PCT_PRICE,7064,0.241679,0.199774,0.141795,0.291619,0.049213,2.719031
ALL,BUY,H1,EMA200_DIST_POINTS,7064,2339.751619,1421.119326,631.187015,2663.582381,0.117430,73020.813117
ALL,BUY,H1,EMA200_DIST_ATR,7064,0.374578,0.460510,-3.796524,4.577171,-29.594933,28.089176
ALL,BUY,H4,RSI,7013,49.708717,49.734914,40.764797,58.687802,10.416686,92.544762
ALL,BUY,H4,ADX,7013,30.825317,28.368066,21.799115,37.316316,8.408214,83.878545
ALL,BUY,H4,CCI,7013,-6.662925,-3.133988,-87.118045,73.870232,-440.069959,337.026131
ALL,BUY,H4,DI_PLUS,7013,17.894723,17.212946,12.489517,22.599879,1.872096,56.664731
ALL,BUY,H4,DI_MINUS,7013,17.823554,17.266694,12.326863,22.658305,1.143058,50.113185
ALL,BUY,H4,DI_GAP,7013,10.835371,9.240521,4.356570,15.773879,0.003882,50.389069
ALL,BUY,H4,ATR,7013,10.359995,6.562500,4.321750,10.608000,1.117000,233.702750
ALL,BUY,H4,ATR_PCT_PRICE,7013,0.466101,0.397683,0.291913,0.549450,0.086940,4.565576
ALL,BUY,H4,EMA200_DIST_POINTS,7013,4584.057917,2700.037583,1266.441166,5238.505869,0.692111,83851.475473
ALL,BUY,H4,EMA200_DIST_ATR,7013,0.926027,0.912870,-3.113794,5.170513,-33.675090,22.255066
ALL,SELL,M1,RSI,2299,61.460498,61.438792,52.344416,70.883178,18.402347,94.402145
ALL,SELL,M1,ADX,2299,31.663702,29.452129,22.524702,38.631580,10.384996,79.438587
ALL,SELL,M1,CCI,2299,54.020842,39.562065,-66.299639,169.682256,-377.184118,466.666667
ALL,SELL,M1,DI_PLUS,2299,25.071815,22.414629,16.610441,33.217159,1.002371,63.449951
ALL,SELL,M1,DI_MINUS,2299,15.368927,14.651335,10.040392,19.647947,1.547528,45.452125
ALL,SELL,M1,DI_GAP,2299,14.209052,10.703623,4.317882,23.313293,0.004206,60.382693
ALL,SELL,M1,ATR,2299,0.670037,0.407000,0.239750,0.722625,0.025500,15.577500
ALL,SELL,M1,ATR_PCT_PRICE,2299,0.031386,0.023783,0.015501,0.037499,0.001999,0.454561
ALL,SELL,M1,EMA200_DIST_POINTS,2299,343.910510,202.323126,88.778247,392.667580,0.050371,7994.606958
ALL,SELL,M1,EMA200_DIST_ATR,2299,4.525668,4.606514,1.768423,7.309247,-27.443550,38.280843
ALL,SELL,M5,RSI,2299,61.950752,62.502723,54.943695,68.997810,28.467317,89.299286
ALL,SELL,M5,ADX,2299,33.253891,30.844959,23.674331,40.924858,10.546171,84.626677
ALL,SELL,M5,CCI,2299,117.447888,115.301352,80.282853,161.471971,-253.711926,466.666667
ALL,SELL,M5,DI_PLUS,2299,26.260004,25.990780,21.186142,31.254840,4.184314,52.668924
ALL,SELL,M5,DI_MINUS,2299,11.340412,10.542858,7.681487,14.220116,0.887928,39.365465
ALL,SELL,M5,DI_GAP,2299,15.747102,15.504232,8.800423,22.104261,0.000858,49.014700
ALL,SELL,M5,ATR,2299,1.492185,0.957500,0.588750,1.587625,0.089500,29.692000
ALL,SELL,M5,ATR_PCT_PRICE,2299,0.069089,0.055806,0.038172,0.084288,0.006941,1.106264
ALL,SELL,M5,EMA200_DIST_POINTS,2299,650.779276,361.586968,164.762478,737.465574,0.077456,12473.519245
ALL,SELL,M5,EMA200_DIST_ATR,2299,2.103310,2.565474,-0.981492,5.547691,-35.014538,29.288051
ALL,SELL,M15,RSI,2299,58.877350,58.910954,51.293569,66.792481,20.458539,91.970111
ALL,SELL,M15,ADX,2299,30.468950,27.906010,21.731629,36.756292,10.006772,81.746089
ALL,SELL,M15,CCI,2299,102.826979,114.485728,48.635257,161.565287,-187.254219,460.089673
ALL,SELL,M15,DI_PLUS,2299,24.730399,24.475441,19.459765,29.718362,3.007170,50.564303
ALL,SELL,M15,DI_MINUS,2299,12.688658,12.198352,8.828633,16.010423,1.436306,35.095005
ALL,SELL,M15,DI_GAP,2299,13.777892,12.830722,6.525868,19.625248,0.010687,46.502785
ALL,SELL,M15,ATR,2299,2.552148,1.633500,1.028500,2.704625,0.204500,46.659000
ALL,SELL,M15,ATR_PCT_PRICE,2299,0.117758,0.096323,0.068807,0.142193,0.016017,1.363695
ALL,SELL,M15,EMA200_DIST_POINTS,2299,1041.110900,591.134690,274.865076,1160.180751,0.141780,37114.917457
ALL,SELL,M15,EMA200_DIST_ATR,2299,1.235687,1.431217,-2.134443,4.762276,-30.514051,32.032510
ALL,SELL,M30,RSI,2299,56.753519,56.787519,48.782592,64.989848,15.823347,90.201408
ALL,SELL,M30,ADX,2299,29.457488,27.286672,21.308142,35.898391,10.723586,77.244896
ALL,SELL,M30,CCI,2299,79.670758,90.704585,2.732724,147.894958,-263.984359,466.666667
ALL,SELL,M30,DI_PLUS,2299,22.831961,22.584927,17.395140,28.007345,1.527606,48.531876
ALL,SELL,M30,DI_MINUS,2299,14.006115,13.352487,9.839949,17.720155,1.785601,38.856283
ALL,SELL,M30,DI_GAP,2299,12.268409,10.800601,5.165146,18.021188,0.013876,43.980848
ALL,SELL,M30,ATR,2299,3.718826,2.324250,1.504000,3.846875,0.367000,80.369250
ALL,SELL,M30,ATR_PCT_PRICE,2299,0.170014,0.138417,0.098898,0.204852,0.028744,1.735756
ALL,SELL,M30,EMA200_DIST_POINTS,2299,1124.874265,618.449983,267.474191,1259.074700,0.578001,44750.927222
ALL,SELL,M30,EMA200_DIST_ATR,2299,1.089243,1.124966,-1.291293,3.482396,-20.984006,22.493132
ALL,SELL,H1,RSI,2299,54.735123,55.064206,46.282764,63.309505,14.317837,85.704768
ALL,SELL,H1,ADX,2299,29.178899,27.152191,20.800756,35.750772,10.034772,73.767288
ALL,SELL,H1,CCI,2299,54.413018,62.996458,-29.641969,131.160723,-317.081384,340.230503
ALL,SELL,H1,DI_PLUS,2299,20.936519,20.469674,14.797289,26.428598,1.835689,48.366814
ALL,SELL,H1,DI_MINUS,2299,15.102855,14.359723,10.388828,19.135359,2.720608,45.493573
ALL,SELL,H1,DI_GAP,2299,11.379508,9.797361,4.646412,16.796465,0.015439,42.267830
ALL,SELL,H1,ATR,2299,5.367097,3.372500,2.172500,5.435375,0.693250,149.765000
ALL,SELL,H1,ATR_PCT_PRICE,2299,0.243486,0.200123,0.143771,0.291154,0.053215,3.234515
ALL,SELL,H1,EMA200_DIST_POINTS,2299,1165.943246,675.740958,297.246089,1353.635174,0.542915,39321.504565
ALL,SELL,H1,EMA200_DIST_ATR,2299,1.127884,1.077244,-0.751406,2.876819,-17.188036,14.778435
ALL,SELL,H4,RSI,2277,52.728217,52.535929,46.899869,58.690834,17.785616,85.496997
ALL,SELL,H4,ADX,2277,27.385650,26.125105,20.599940,32.842676,10.900567,74.847449
ALL,SELL,H4,CCI,2277,20.927924,28.452727,-66.389153,103.974292,-334.656554,366.579580
ALL,SELL,H4,DI_PLUS,2277,18.932675,18.182809,13.710153,23.656604,2.181577,48.385709
ALL,SELL,H4,DI_MINUS,2277,16.895254,16.174347,12.045727,21.073819,3.497262,45.023627
ALL,SELL,H4,DI_GAP,2277,10.221666,9.233023,4.110060,14.836963,0.006167,42.927261
ALL,SELL,H4,ATR,2277,10.348366,6.503750,4.358250,10.373500,0.958250,236.049000
ALL,SELL,H4,ATR_PCT_PRICE,2277,0.465102,0.392311,0.286809,0.542114,0.074491,5.034332
ALL,SELL,H4,EMA200_DIST_POINTS,2277,3383.839595,1953.577029,791.438437,4103.491272,0.147989,43298.482266
ALL,SELL,H4,EMA200_DIST_ATR,2277,1.237864,1.023983,-1.690190,4.163578,-17.769717,23.536023
SETUP_STOP,ALL,M1,RSI,365,36.607496,30.700394,24.378329,47.491173,4.070324,94.402145
SETUP_STOP,ALL,M1,ADX,365,36.150356,33.365578,25.382057,45.399663,11.044697,89.058620
SETUP_STOP,ALL,M1,CCI,365,-103.565093,-150.622644,-213.917231,23.731366,-466.666667,466.666667
SETUP_STOP,ALL,M1,DI_PLUS,365,15.256480,12.412294,8.118402,20.259301,0.894981,54.038483
SETUP_STOP,ALL,M1,DI_MINUS,365,28.903938,31.684673,18.085551,37.082697,4.025350,58.632991
SETUP_STOP,ALL,M1,DI_GAP,365,21.355385,22.038063,11.396426,29.973271,0.179042,57.285740
SETUP_STOP,ALL,M1,ATR,365,1.853631,0.945000,0.442500,2.097500,0.077000,19.901500
SETUP_STOP,ALL,M1,ATR_PCT_PRICE,365,0.063677,0.045107,0.026328,0.080844,0.005816,0.416671
SETUP_STOP,ALL,M1,EMA200_DIST_POINTS,365,963.879824,452.379805,185.165137,1097.378503,3.367892,12329.541680
SETUP_STOP,ALL,M1,EMA200_DIST_ATR,365,-3.551265,-4.562549,-6.802804,-1.050537,-18.004947,12.725981
SETUP_STOP,ALL,M5,RSI,365,37.395373,33.515944,25.325025,47.130509,7.880969,88.218530
SETUP_STOP,ALL,M5,ADX,365,35.461059,33.506968,25.838782,43.088721,10.757575,77.573579
SETUP_STOP,ALL,M5,CCI,365,-115.265205,-144.388090,-201.097712,-80.203389,-438.706121,466.666667
SETUP_STOP,ALL,M5,DI_PLUS,365,13.035739,10.371892,7.557346,15.584583,1.210981,47.996007
SETUP_STOP,ALL,M5,DI_MINUS,365,27.173121,28.073244,20.672265,33.735156,3.288107,53.992585
SETUP_STOP,ALL,M5,DI_GAP,365,19.863794,19.718647,12.662335,26.710816,0.045010,49.147503
SETUP_STOP,ALL,M5,ATR,365,3.589060,1.816750,0.891750,4.099000,0.137750,30.328250
SETUP_STOP,ALL,M5,ATR_PCT_PRICE,365,0.121305,0.089966,0.053355,0.149347,0.012022,0.733809
SETUP_STOP,ALL,M5,EMA200_DIST_POINTS,365,1527.723217,688.812486,284.046685,1588.304605,0.150749,24035.769164
SETUP_STOP,ALL,M5,EMA200_DIST_ATR,365,-2.015486,-2.955875,-5.038882,0.408049,-16.976156,23.130177
SETUP_STOP,ALL,M15,RSI,365,39.844481,36.897153,27.769191,49.836118,7.383082,91.499408
SETUP_STOP,ALL,M15,ADX,365,32.502482,30.517210,23.242153,39.111624,12.993218,75.727303
SETUP_STOP,ALL,M15,CCI,365,-98.507946,-134.240747,-194.684039,-13.536323,-444.832311,460.089673
SETUP_STOP,ALL,M15,DI_PLUS,365,14.093334,11.854357,8.331590,18.307094,1.792282,43.832227
SETUP_STOP,ALL,M15,DI_MINUS,365,25.181097,25.924517,19.586006,32.143587,1.436306,46.035746
SETUP_STOP,ALL,M15,DI_GAP,365,17.066722,16.961221,8.841672,23.545827,0.011596,40.437981
SETUP_STOP,ALL,M15,ATR,365,5.453650,2.715000,1.346500,6.275750,0.410000,46.938000
SETUP_STOP,ALL,M15,ATR_PCT_PRICE,365,0.183431,0.131564,0.086958,0.234921,0.025814,1.036911
SETUP_STOP,ALL,M15,EMA200_DIST_POINTS,365,2237.896735,877.444323,411.235821,2043.474504,3.074140,37114.917457
SETUP_STOP,ALL,M15,EMA200_DIST_ATR,365,-1.140699,-1.714601,-4.378240,1.530386,-14.379117,22.714642
SETUP_STOP,ALL,M30,RSI,365,42.083525,40.782843,31.351252,50.850810,7.388724,86.370149
SETUP_STOP,ALL,M30,ADX,365,31.887021,29.202411,22.468529,38.362912,11.828949,75.143723
SETUP_STOP,ALL,M30,CCI,365,-87.493417,-120.671188,-178.098434,5.107174,-416.419011,405.107159
SETUP_STOP,ALL,M30,DI_PLUS,365,14.190453,12.921241,8.249134,18.438294,1.231115,44.898264
SETUP_STOP,ALL,M30,DI_MINUS,365,24.061592,24.599942,18.266308,30.804059,3.966517,43.033429
SETUP_STOP,ALL,M30,DI_GAP,365,15.521909,14.780580,7.576637,22.145431,0.051849,40.472092
SETUP_STOP,ALL,M30,ATR,365,7.235638,3.655000,1.847000,7.958250,0.705000,80.369250
SETUP_STOP,ALL,M30,ATR_PCT_PRICE,365,0.242759,0.176351,0.119899,0.297571,0.046815,1.735756
SETUP_STOP,ALL,M30,EMA200_DIST_POINTS,365,2990.596587,1250.810459,501.942608,2669.403908,6.193672,44750.927222
SETUP_STOP,ALL,M30,EMA200_DIST_ATR,365,-0.735402,-0.951216,-4.797556,2.645922,-19.280914,24.473387
SETUP_STOP,ALL,H1,RSI,365,43.919301,43.885835,34.496864,51.706077,8.332642,78.643192
SETUP_STOP,ALL,H1,ADX,365,30.284376,28.336216,21.650476,36.131479,9.981282,77.345545
SETUP_STOP,ALL,H1,CCI,365,-75.442861,-92.784532,-169.005249,17.694222,-389.263141,294.023134
SETUP_STOP,ALL,H1,DI_PLUS,365,14.899236,13.163045,10.045054,18.161854,2.256454,44.671722
SETUP_STOP,ALL,H1,DI_MINUS,365,22.607643,23.076749,15.792693,28.515108,4.789705,44.602461
SETUP_STOP,ALL,H1,DI_GAP,365,13.801767,12.978374,5.918927,19.824054,0.002920,41.716917
SETUP_STOP,ALL,H1,ATR,365,9.889510,4.921000,2.652500,10.661750,0.847750,149.765000
SETUP_STOP,ALL,H1,ATR_PCT_PRICE,365,0.329009,0.254174,0.177396,0.374179,0.068104,3.234515
SETUP_STOP,ALL,H1,EMA200_DIST_POINTS,365,4018.764729,1721.911283,853.499151,3973.413334,2.948363,48792.421407
SETUP_STOP,ALL,H1,EMA200_DIST_ATR,365,-0.509220,0.207689,-4.920162,3.652669,-15.527422,13.198103
SETUP_STOP,ALL,H4,RSI,360,46.861547,47.262903,37.319909,55.979421,10.416686,83.987652
SETUP_STOP,ALL,H4,ADX,360,29.306843,27.482857,21.437367,36.277793,10.946815,63.257302
SETUP_STOP,ALL,H4,CCI,360,-34.594889,-29.912547,-123.350274,42.132953,-432.354644,306.199274
SETUP_STOP,ALL,H4,DI_PLUS,360,16.294688,15.495906,11.376096,20.726113,1.872096,33.386573
SETUP_STOP,ALL,H4,DI_MINUS,360,19.830568,18.549869,13.644211,25.328723,4.164351,50.113185
SETUP_STOP,ALL,H4,DI_GAP,360,11.148390,9.432407,4.772001,15.669099,0.096201,42.513753
SETUP_STOP,ALL,H4,ATR,360,19.637386,8.663125,4.752250,24.426875,1.958750,236.049000
SETUP_STOP,ALL,H4,ATR_PCT_PRICE,360,0.624295,0.466564,0.300647,0.722187,0.136208,5.034332
SETUP_STOP,ALL,H4,EMA200_DIST_POINTS,360,7529.663907,3511.764393,1397.138179,8031.814018,9.541926,73598.699004
SETUP_STOP,ALL,H4,EMA200_DIST_ATR,360,0.261211,0.369227,-3.433037,4.164157,-13.458563,19.108330
SETUP_STOP,BUY,M1,RSI,310,31.020774,28.136619,22.963786,36.824792,4.070324,80.813131
SETUP_STOP,BUY,M1,ADX,310,35.748046,32.975630,25.146587,44.929170,11.044697,89.058620
SETUP_STOP,BUY,M1,CCI,310,-144.976468,-165.685579,-225.818339,-97.682974,-466.666667,281.504760
SETUP_STOP,BUY,M1,DI_PLUS,310,12.565400,11.348759,7.432570,17.213357,0.894981,37.376396
SETUP_STOP,BUY,M1,DI_MINUS,310,31.810942,33.004509,24.900697,38.900715,6.387880,58.632991
SETUP_STOP,BUY,M1,DI_GAP,310,21.388909,22.012277,11.419323,30.065842,0.204886,57.285740
SETUP_STOP,BUY,M1,ATR,310,1.858394,0.960375,0.448000,2.033437,0.077000,19.901500
SETUP_STOP,BUY,M1,ATR_PCT_PRICE,310,0.063575,0.045639,0.026966,0.079677,0.005816,0.416671
SETUP_STOP,BUY,M1,EMA200_DIST_POINTS,310,967.224471,463.489816,182.537116,1041.619349,3.367892,12329.541680
SETUP_STOP,BUY,M1,EMA200_DIST_ATR,310,-5.098168,-5.035463,-7.110262,-3.263763,-18.004947,10.596389
SETUP_STOP,BUY,M5,RSI,310,32.085387,30.543126,23.753539,38.860096,7.880969,70.975830
SETUP_STOP,BUY,M5,ADX,310,35.716188,33.651235,26.002925,44.464797,10.757575,77.573579
SETUP_STOP,BUY,M5,CCI,310,-164.100119,-158.882403,-215.111348,-115.823792,-438.706121,398.437288
SETUP_STOP,BUY,M5,DI_PLUS,310,10.200592,9.465682,7.062085,12.562669,1.210981,29.649484
SETUP_STOP,BUY,M5,DI_MINUS,310,29.895431,29.873768,25.413202,34.953641,11.798387,53.992585
SETUP_STOP,BUY,M5,DI_GAP,310,20.111735,20.192717,12.671222,27.341833,0.045010,49.147503
SETUP_STOP,BUY,M5,ATR,310,3.574711,1.867625,0.901750,4.086688,0.137750,30.328250
SETUP_STOP,BUY,M5,ATR_PCT_PRICE,310,0.121284,0.089987,0.053679,0.149406,0.012022,0.733809
SETUP_STOP,BUY,M5,EMA200_DIST_POINTS,310,1525.052829,694.766646,285.560015,1594.008217,0.150749,24035.769164
SETUP_STOP,BUY,M5,EMA200_DIST_ATR,310,-2.949501,-3.478991,-5.523941,-1.131737,-16.976156,23.130177
SETUP_STOP,BUY,M15,RSI,310,35.396914,34.162691,26.334536,43.376163,7.383082,69.830945
SETUP_STOP,BUY,M15,ADX,310,32.276874,30.463917,23.351253,39.050590,12.993218,72.820933
SETUP_STOP,BUY,M15,CCI,310,-144.440761,-156.086944,-204.059690,-87.072533,-444.832311,274.163053
SETUP_STOP,BUY,M15,DI_PLUS,310,11.631048,10.886006,7.873660,14.954186,1.792282,29.603000
SETUP_STOP,BUY,M15,DI_MINUS,310,27.579863,27.819469,21.607940,32.982741,7.979970,46.035746
SETUP_STOP,BUY,M15,DI_GAP,310,17.021208,16.986731,8.864577,23.617336,0.011596,38.615627
SETUP_STOP,BUY,M15,ATR,310,5.344173,2.796500,1.327750,6.248938,0.410000,46.938000
SETUP_STOP,BUY,M15,ATR_PCT_PRICE,310,0.181631,0.132972,0.086983,0.234156,0.025814,1.036911
SETUP_STOP,BUY,M15,EMA200_DIST_POINTS,310,2116.885056,884.535712,418.518324,2036.691787,3.074140,34559.455093
SETUP_STOP,BUY,M15,EMA200_DIST_ATR,310,-1.768694,-2.223955,-4.839821,0.270937,-14.379117,22.714642
SETUP_STOP,BUY,M30,RSI,310,38.568388,37.618541,30.039259,46.068579,7.388724,71.998063
SETUP_STOP,BUY,M30,ADX,310,31.854784,28.996344,22.543211,38.351995,11.828949,75.143723
SETUP_STOP,BUY,M30,CCI,310,-125.251083,-141.265150,-190.057303,-60.369474,-416.419011,249.749215
SETUP_STOP,BUY,M30,DI_PLUS,310,12.172922,11.575867,7.646601,15.326801,1.231115,32.749528
SETUP_STOP,BUY,M30,DI_MINUS,310,26.109354,26.407567,20.633220,31.619083,6.279110,43.033429
SETUP_STOP,BUY,M30,DI_GAP,310,15.647769,15.092798,7.873134,22.206124,0.051849,40.472092
SETUP_STOP,BUY,M30,ATR,310,6.939294,3.809875,1.832312,7.944937,0.705000,57.485500
SETUP_STOP,BUY,M30,ATR_PCT_PRICE,310,0.237319,0.175192,0.120589,0.295480,0.046815,1.269917
SETUP_STOP,BUY,M30,EMA200_DIST_POINTS,310,2947.718054,1365.576200,577.611274,2851.167165,6.193672,41833.681021
SETUP_STOP,BUY,M30,EMA200_DIST_ATR,310,-1.255690,-1.575159,-5.192572,2.093439,-19.280914,24.473387
SETUP_STOP,BUY,H1,RSI,310,41.312046,41.458804,33.029528,49.594032,8.332642,75.398346
SETUP_STOP,BUY,H1,ADX,310,30.303798,28.212550,22.091613,35.830340,9.981282,77.345545
SETUP_STOP,BUY,H1,CCI,310,-103.539987,-119.076116,-180.323345,-30.334226,-389.263141,174.139057
SETUP_STOP,BUY,H1,DI_PLUS,310,13.388668,12.258744,9.726508,17.006244,2.256454,34.735422
SETUP_STOP,BUY,H1,DI_MINUS,310,24.070940,24.116090,17.875938,29.547212,5.689182,44.602461
SETUP_STOP,BUY,H1,DI_GAP,310,13.863085,13.143059,5.838418,19.940817,0.002920,41.716917
SETUP_STOP,BUY,H1,ATR,310,9.377464,4.990000,2.604500,10.671688,1.140000,78.166500
SETUP_STOP,BUY,H1,ATR_PCT_PRICE,310,0.320235,0.257181,0.180089,0.374026,0.068104,1.499974
SETUP_STOP,BUY,H1,EMA200_DIST_POINTS,310,4217.016505,1821.482514,975.630183,4351.502816,20.087943,48792.421407
SETUP_STOP,BUY,H1,EMA200_DIST_ATR,310,-0.965872,-0.367359,-5.448963,3.495500,-15.527422,13.198103
SETUP_STOP,BUY,H4,RSI,305,45.278260,45.091182,35.428017,53.941720,10.416686,83.987652
SETUP_STOP,BUY,H4,ADX,305,30.239650,28.869311,22.544868,37.665783,10.946815,63.257302
SETUP_STOP,BUY,H4,CCI,305,-51.959929,-40.403046,-135.339405,28.087383,-432.354644,175.854033
SETUP_STOP,BUY,H4,DI_PLUS,305,15.584250,15.091788,11.193569,20.157105,1.872096,30.619837
SETUP_STOP,BUY,H4,DI_MINUS,305,20.474552,19.292288,14.730912,25.847915,4.164351,50.113185
SETUP_STOP,BUY,H4,DI_GAP,305,11.321713,9.389105,4.656257,16.245809,0.096201,42.513753
SETUP_STOP,BUY,H4,ATR,305,19.096064,8.856500,4.676500,25.403500,1.958750,233.702750
SETUP_STOP,BUY,H4,ATR_PCT_PRICE,305,0.613294,0.469052,0.303195,0.731763,0.136208,4.380050
SETUP_STOP,BUY,H4,EMA200_DIST_POINTS,305,7889.174738,3662.639952,1548.943494,8339.928365,49.869615,73598.699004
SETUP_STOP,BUY,H4,EMA200_DIST_ATR,305,0.158351,0.414331,-4.055203,4.199094,-13.458563,19.108330
SETUP_STOP,SELL,M1,RSI,55,68.096292,69.464054,59.607402,76.737513,31.225869,94.402145
SETUP_STOP,SELL,M1,ADX,55,38.417920,37.019992,28.148922,47.950967,14.489365,72.220979
SETUP_STOP,SELL,M1,CCI,55,129.844477,144.512513,53.668608,210.745830,-196.451589,466.666667
SETUP_STOP,SELL,M1,DI_PLUS,55,30.424384,32.312824,22.473671,38.276800,6.913792,54.038483
SETUP_STOP,SELL,M1,DI_MINUS,55,12.519010,9.307430,7.137136,15.925477,4.025350,32.984448
SETUP_STOP,SELL,M1,DI_GAP,55,21.166430,22.038063,11.516144,29.874009,0.179042,49.283239
SETUP_STOP,SELL,M1,ATR,55,1.826782,0.737500,0.387000,2.275000,0.125000,15.577500
SETUP_STOP,SELL,M1,ATR_PCT_PRICE,55,0.064254,0.040677,0.022181,0.082167,0.009913,0.332229
SETUP_STOP,SELL,M1,EMA200_DIST_POINTS,55,945.028178,447.643231,188.841697,1124.756510,9.043365,7994.606958
SETUP_STOP,SELL,M1,EMA200_DIST_ATR,55,5.167640,5.326293,3.859506,6.813057,-7.771464,12.725981
SETUP_STOP,SELL,M5,RSI,55,67.324388,67.527537,60.185561,73.948721,34.610656,88.218530
SETUP_STOP,SELL,M5,ADX,55,34.023054,30.434461,24.640762,40.602703,17.598168,65.154404
SETUP_STOP,SELL,M5,CCI,55,159.986128,143.448279,106.714486,209.646918,-82.054365,466.666667
SETUP_STOP,SELL,M5,DI_PLUS,55,29.015663,28.312162,22.988879,33.988946,10.873918,47.996007
SETUP_STOP,SELL,M5,DI_MINUS,55,11.829187,10.384817,8.320109,14.489999,3.288107,30.382731
SETUP_STOP,SELL,M5,DI_GAP,55,18.466307,17.854062,12.718658,25.254452,2.296083,44.122956
SETUP_STOP,SELL,M5,ATR,55,3.669932,1.612500,0.761250,4.055250,0.372250,29.692000
SETUP_STOP,SELL,M5,ATR_PCT_PRICE,55,0.121420,0.088071,0.051326,0.148841,0.029521,0.633256
SETUP_STOP,SELL,M5,EMA200_DIST_POINTS,55,1542.774497,679.514263,272.761233,1512.949209,7.747451,12473.519245
SETUP_STOP,SELL,M5,EMA200_DIST_ATR,55,3.248963,3.765454,-0.002974,6.209460,-6.434800,11.464061
SETUP_STOP,SELL,M15,RSI,55,64.912586,64.425691,57.256055,73.941914,31.124987,91.499408
SETUP_STOP,SELL,M15,ADX,55,33.774095,30.708567,23.033097,38.932603,13.916957,75.727303
SETUP_STOP,SELL,M15,CCI,55,160.386102,151.858553,104.659488,209.168435,-108.800843,460.089673
SETUP_STOP,SELL,M15,DI_PLUS,55,27.971673,27.577642,21.571964,33.288059,9.426481,43.832227
SETUP_STOP,SELL,M15,DI_MINUS,55,11.660783,10.189296,6.936675,14.828128,1.436306,29.883521
SETUP_STOP,SELL,M15,DI_GAP,55,17.323253,16.709609,9.220430,22.666249,0.335569,40.437981
SETUP_STOP,SELL,M15,ATR,55,6.070705,2.655000,1.469250,6.620500,0.533000,46.659000
SETUP_STOP,SELL,M15,ATR_PCT_PRICE,55,0.193581,0.124885,0.088090,0.238651,0.043361,1.001951
SETUP_STOP,SELL,M15,EMA200_DIST_POINTS,55,2919.962566,827.094390,350.104546,1885.652101,9.533028,37114.917457
SETUP_STOP,SELL,M15,EMA200_DIST_ATR,55,2.398910,3.175584,-0.331339,4.714527,-8.000198,14.047338
SETUP_STOP,SELL,M30,RSI,55,61.896111,65.537384,51.091144,70.952043,32.143334,86.370149
SETUP_STOP,SELL,M30,ADX,55,32.068719,30.760807,21.942874,38.605488,17.305264,57.750998
SETUP_STOP,SELL,M30,CCI,55,125.322524,145.619492,44.867178,192.497547,-188.796948,405.107159
SETUP_STOP,SELL,M30,DI_PLUS,55,25.561994,25.078482,20.202610,30.609272,10.629089,44.898264
SETUP_STOP,SELL,M30,DI_MINUS,55,12.519663,10.800520,7.141986,17.584435,3.966517,35.563255
SETUP_STOP,SELL,M30,DI_GAP,55,14.812514,14.314690,5.712837,20.507270,0.169843,40.386357
SETUP_STOP,SELL,M30,ATR,55,8.905941,3.375000,2.032625,7.972125,0.770250,80.369250
SETUP_STOP,SELL,M30,ATR_PCT_PRICE,55,0.273421,0.178840,0.117168,0.293569,0.061083,1.735756
SETUP_STOP,SELL,M30,EMA200_DIST_POINTS,55,3232.275595,837.256331,283.332026,1564.172218,19.767402,44750.927222
SETUP_STOP,SELL,M30,EMA200_DIST_ATR,55,2.197128,2.202882,0.011687,3.960351,-5.568165,10.859356
SETUP_STOP,SELL,H1,RSI,55,58.614739,61.086239,48.395581,68.385548,33.671165,78.643192
SETUP_STOP,SELL,H1,ADX,55,30.174911,30.427369,20.292900,36.655281,11.507599,59.261321
SETUP_STOP,SELL,H1,CCI,55,82.922758,95.545119,-24.158374,164.492597,-165.433545,294.023134
SETUP_STOP,SELL,H1,DI_PLUS,55,23.413347,22.738650,17.769050,28.724665,9.818275,44.671722
SETUP_STOP,SELL,H1,DI_MINUS,55,14.359969,12.707950,9.163201,17.866387,4.789705,30.275268
SETUP_STOP,SELL,H1,DI_GAP,55,13.456154,11.546511,6.468366,19.208019,0.347356,38.692147
SETUP_STOP,SELL,H1,ATR,55,12.775586,4.226750,2.755625,9.623750,0.847750,149.765000
SETUP_STOP,SELL,H1,ATR_PCT_PRICE,55,0.378467,0.221338,0.174925,0.367369,0.068966,3.234515
SETUP_STOP,SELL,H1,EMA200_DIST_POINTS,55,2901.345627,1200.951152,528.894301,2068.736284,2.948363,39321.504565
SETUP_STOP,SELL,H1,EMA200_DIST_ATR,55,2.064638,2.016353,0.253687,3.794051,-3.239496,10.041838
SETUP_STOP,SELL,H4,RSI,55,55.641593,54.698923,49.895728,62.723588,30.195648,73.287456
SETUP_STOP,SELL,H4,ADX,55,24.134003,23.456638,19.941133,27.647430,11.638425,43.664520
SETUP_STOP,SELL,H4,CCI,55,61.702150,82.188375,-41.296177,143.599018,-109.269852,306.199274
SETUP_STOP,SELL,H4,DI_PLUS,55,20.234392,20.799979,15.033918,24.454498,6.922448,33.386573
SETUP_STOP,SELL,H4,DI_MINUS,55,16.259381,14.467154,12.538200,20.524708,8.214364,29.660587
SETUP_STOP,SELL,H4,DI_GAP,55,10.187238,10.630237,5.566244,13.754362,0.154239,24.308087
SETUP_STOP,SELL,H4,ATR,55,22.639264,8.076250,5.125875,16.671250,2.507500,236.049000
SETUP_STOP,SELL,H4,ATR_PCT_PRICE,55,0.685302,0.449682,0.293197,0.679049,0.187611,5.034332
SETUP_STOP,SELL,H4,EMA200_DIST_POINTS,55,5536.012937,2177.053829,797.766351,7362.778421,9.541926,31673.842405
SETUP_STOP,SELL,H4,EMA200_DIST_ATR,55,0.831612,0.304410,-2.326811,3.479470,-7.809917,10.019692
SETUP_STEP5,ALL,M1,RSI,845,37.166695,31.220511,23.998774,49.264314,3.924580,94.402145
SETUP_STEP5,ALL,M1,ADX,845,34.682596,32.685717,24.147809,43.443903,12.870886,89.058620
SETUP_STEP5,ALL,M1,CCI,845,-101.705701,-146.208826,-215.460323,23.731366,-466.666667,466.666667
SETUP_STEP5,ALL,M1,DI_PLUS,845,16.715217,14.001238,8.919814,22.170821,0.894981,49.283524
SETUP_STEP5,ALL,M1,DI_MINUS,845,28.284842,30.353350,17.696910,37.456115,3.209461,62.229412
SETUP_STEP5,ALL,M1,DI_GAP,845,20.843779,21.402798,10.944363,29.647081,0.014190,57.285740
SETUP_STEP5,ALL,M1,ATR,845,0.647911,0.397500,0.202250,0.749500,0.020750,9.276500
SETUP_STEP5,ALL,M1,ATR_PCT_PRICE,845,0.038582,0.026308,0.014276,0.045568,0.001635,0.297738
SETUP_STEP5,ALL,M1,EMA200_DIST_POINTS,845,345.747234,225.452256,102.579370,438.317370,0.431370,4039.365374
SETUP_STEP5,ALL,M1,EMA200_DIST_ATR,845,-3.067152,-4.308716,-6.888714,0.543971,-39.612825,36.389538
SETUP_STEP5,ALL,M5,RSI,845,38.876925,34.355087,25.388317,49.585281,5.435312,88.218530
SETUP_STEP5,ALL,M5,ADX,845,34.553066,32.235694,24.584546,42.580372,10.757575,85.277864
SETUP_STEP5,ALL,M5,CCI,845,-108.312036,-137.978898,-198.063677,-50.190189,-466.666667,466.666667
SETUP_STEP5,ALL,M5,DI_PLUS,845,14.402512,12.038378,8.173868,18.045350,0.838946,47.648583
SETUP_STEP5,ALL,M5,DI_MINUS,845,26.220955,27.655218,18.491011,33.496155,1.315748,54.900458
SETUP_STEP5,ALL,M5,DI_GAP,845,18.976288,19.307594,11.235477,25.866671,0.059353,49.147503
SETUP_STEP5,ALL,M5,ATR,845,1.151587,0.792500,0.481250,1.387500,0.095750,14.948500
SETUP_STEP5,ALL,M5,ATR_PCT_PRICE,845,0.068114,0.053485,0.035166,0.085173,0.007531,0.333793
SETUP_STEP5,ALL,M5,EMA200_DIST_POINTS,845,534.202280,365.783228,179.221964,692.276907,0.150749,4903.227192
SETUP_STEP5,ALL,M5,EMA200_DIST_ATR,845,-1.615321,-2.955875,-5.277005,1.993735,-54.339991,37.479527
SETUP_STEP5,ALL,M15,RSI,845,42.006188,39.805240,29.094407,52.493639,7.383082,91.499408
SETUP_STEP5,ALL,M15,ADX,845,32.615544,30.244114,22.995131,40.165246,11.759089,88.801384
SETUP_STEP5,ALL,M15,CCI,845,-88.566231,-125.734846,-188.513629,20.027317,-466.666667,460.089673
SETUP_STEP5,ALL,M15,DI_PLUS,845,14.838500,12.585931,8.543541,18.836589,0.523014,43.488278
SETUP_STEP5,ALL,M15,DI_MINUS,845,24.675032,25.754019,17.894466,31.732269,1.436306,51.241027
SETUP_STEP5,ALL,M15,DI_GAP,845,17.192010,17.155603,9.359819,23.608147,0.011596,45.498701
SETUP_STEP5,ALL,M15,ATR,845,1.755462,1.283500,0.819250,2.180750,0.189750,20.449500
SETUP_STEP5,ALL,M15,ATR_PCT_PRICE,845,0.104011,0.087857,0.059345,0.127195,0.014924,0.489255
SETUP_STEP5,ALL,M15,EMA200_DIST_POINTS,845,773.700515,544.575924,256.148007,1011.000920,0.524450,5659.246303
SETUP_STEP5,ALL,M15,EMA200_DIST_ATR,845,-0.725068,-1.577091,-4.648440,3.105373,-38.023502,40.189904
SETUP_STEP5,ALL,M30,RSI,845,44.063435,42.289507,33.133993,53.192038,7.449881,87.465701
SETUP_STEP5,ALL,M30,ADX,845,31.601313,29.292228,22.788721,38.260303,12.163930,75.143723
SETUP_STEP5,ALL,M30,CCI,845,-70.048036,-102.187882,-171.487207,36.216923,-418.162144,405.107159
SETUP_STEP5,ALL,M30,DI_PLUS,845,15.148254,13.058470,8.785171,18.994682,1.231115,44.898264
SETUP_STEP5,ALL,M30,DI_MINUS,845,23.032593,23.695431,15.177887,29.917164,3.676158,48.088925
SETUP_STEP5,ALL,M30,DI_GAP,845,15.639455,14.847702,8.157471,22.066920,0.021521,46.136577
SETUP_STEP5,ALL,M30,ATR,845,2.339694,1.709500,1.162000,2.880750,0.387500,17.059250
SETUP_STEP5,ALL,M30,ATR_PCT_PRICE,845,0.138715,0.118887,0.085882,0.169740,0.030476,0.454541
SETUP_STEP5,ALL,M30,EMA200_DIST_POINTS,845,1026.988192,755.459197,340.988663,1332.997088,0.191241,7881.191139
SETUP_STEP5,ALL,M30,EMA200_DIST_ATR,845,-0.286815,-0.322124,-4.273617,3.667216,-29.588464,35.986301
SETUP_STEP5,ALL,H1,RSI,845,45.685238,44.469500,35.792265,55.163650,9.831009,85.495291
SETUP_STEP5,ALL,H1,ADX,845,29.705607,27.600600,20.847622,35.260185,9.981282,77.345545
SETUP_STEP5,ALL,H1,CCI,845,-52.286706,-59.779614,-158.073254,47.295574,-445.370594,317.319185
SETUP_STEP5,ALL,H1,DI_PLUS,845,15.845796,14.404389,10.178002,20.179669,1.531874,44.671722
SETUP_STEP5,ALL,H1,DI_MINUS,845,21.508367,21.063665,14.627570,27.643746,2.518291,49.293520
SETUP_STEP5,ALL,H1,DI_GAP,845,13.693441,12.397679,6.066886,19.809131,0.002920,44.582425
SETUP_STEP5,ALL,H1,ATR,845,3.222215,2.342750,1.744000,3.820750,0.742250,21.098500
SETUP_STEP5,ALL,H1,ATR_PCT_PRICE,845,0.188827,0.166873,0.125175,0.232955,0.058144,0.903201
SETUP_STEP5,ALL,H1,EMA200_DIST_POINTS,845,1452.072508,1057.154771,481.242486,1914.739253,0.825026,12790.775561
SETUP_STEP5,ALL,H1,EMA200_DIST_ATR,845,-0.096430,0.439738,-4.492214,4.000698,-23.678946,23.255218
SETUP_STEP5,ALL,H4,RSI,840,48.291925,48.390480,39.597892,57.273554,14.551019,83.987652
SETUP_STEP5,ALL,H4,ADX,840,28.106951,26.344947,20.493592,33.928688,10.144961,80.594683
SETUP_STEP5,ALL,H4,CCI,840,-26.939553,-29.554777,-105.938448,60.074939,-340.041631,306.199274
SETUP_STEP5,ALL,H4,DI_PLUS,840,17.061020,16.124754,11.609887,20.779462,1.872096,47.355132
SETUP_STEP5,ALL,H4,DI_MINUS,840,19.005529,18.441400,13.649266,24.077094,1.143058,45.019434
SETUP_STEP5,ALL,H4,DI_GAP,840,10.811612,9.566701,4.631401,15.112677,0.023216,42.180368
SETUP_STEP5,ALL,H4,ATR,840,6.518576,4.899375,3.464000,6.888437,1.117000,39.943250
SETUP_STEP5,ALL,H4,ATR_PCT_PRICE,840,0.374981,0.330315,0.254101,0.459353,0.086940,1.654800
SETUP_STEP5,ALL,H4,EMA200_DIST_POINTS,840,2958.065476,2132.975356,1035.239759,3584.792715,2.463217,30341.996938
SETUP_STEP5,ALL,H4,EMA200_DIST_ATR,840,0.318410,0.007033,-3.674292,4.799838,-20.693074,19.755280
SETUP_STEP5,BUY,M1,RSI,690,29.964961,28.385492,22.036292,36.342940,3.924580,71.606204
SETUP_STEP5,BUY,M1,ADX,690,34.538940,32.294660,23.914165,43.038007,13.346745,89.058620
SETUP_STEP5,BUY,M1,CCI,690,-158.323590,-168.768171,-234.388896,-104.612280,-466.666667,268.283002
SETUP_STEP5,BUY,M1,DI_PLUS,690,13.558268,11.946778,8.294589,17.838046,0.894981,38.939672
SETUP_STEP5,BUY,M1,DI_MINUS,690,31.915275,32.475051,24.874906,39.205133,6.938447,62.229412
SETUP_STEP5,BUY,M1,DI_GAP,690,20.984814,21.406025,10.871732,29.628995,0.014190,57.285740
SETUP_STEP5,BUY,M1,ATR,690,0.654558,0.370375,0.195313,0.723812,0.020750,9.276500
SETUP_STEP5,BUY,M1,ATR_PCT_PRICE,690,0.038268,0.024980,0.013525,0.044826,0.001635,0.297738
SETUP_STEP5,BUY,M1,EMA200_DIST_POINTS,690,342.616868,217.557568,99.717452,415.149001,0.858188,4039.365374
SETUP_STEP5,BUY,M1,EMA200_DIST_ATR,690,-5.073761,-5.102335,-7.523871,-3.215882,-39.612825,36.389538
SETUP_STEP5,BUY,M5,RSI,690,32.303391,30.812557,23.742419,39.666117,5.435312,72.223045
SETUP_STEP5,BUY,M5,ADX,690,34.495108,31.725428,24.512337,42.937668,10.757575,85.277864
SETUP_STEP5,BUY,M5,CCI,690,-169.341020,-157.549177,-213.208893,-107.941618,-466.666667,122.818863
SETUP_STEP5,BUY,M5,DI_PLUS,690,11.068615,10.392426,7.452086,14.204446,0.838946,31.337087
SETUP_STEP5,BUY,M5,DI_MINUS,690,29.647021,29.832037,24.643898,34.661253,2.539130,54.900458
SETUP_STEP5,BUY,M5,DI_GAP,690,19.038029,19.407121,11.165661,25.975633,0.059353,49.147503
SETUP_STEP5,BUY,M5,ATR,690,1.149147,0.770250,0.463125,1.354938,0.095750,14.948500
SETUP_STEP5,BUY,M5,ATR_PCT_PRICE,690,0.067023,0.051993,0.033755,0.083898,0.007531,0.333793
SETUP_STEP5,BUY,M5,EMA200_DIST_POINTS,690,522.418015,353.496839,174.862218,660.635332,0.150749,4903.227192
SETUP_STEP5,BUY,M5,EMA200_DIST_ATR,690,-2.760687,-3.682953,-5.636488,-0.682574,-54.339991,37.479527
SETUP_STEP5,BUY,M15,RSI,690,36.695564,35.742995,27.175637,45.953461,7.383082,75.547829
SETUP_STEP5,BUY,M15,ADX,690,32.531093,30.061880,22.985069,40.402409,11.759089,88.801384
SETUP_STEP5,BUY,M15,CCI,690,-141.943411,-148.860731,-203.409400,-82.980903,-466.666667,127.014375
SETUP_STEP5,BUY,M15,DI_PLUS,690,11.686122,11.108194,8.068169,14.954186,0.523014,38.208274
SETUP_STEP5,BUY,M15,DI_MINUS,690,27.576390,28.133119,21.560675,32.987086,5.883334,51.241027
SETUP_STEP5,BUY,M15,DI_GAP,690,16.991442,17.142946,9.099326,23.484376,0.011596,45.498701
SETUP_STEP5,BUY,M15,ATR,690,1.732602,1.226125,0.798125,2.026250,0.189750,20.449500
SETUP_STEP5,BUY,M15,ATR_PCT_PRICE,690,0.101345,0.084204,0.057735,0.121148,0.014924,0.489255
SETUP_STEP5,BUY,M15,EMA200_DIST_POINTS,690,755.104915,540.618833,243.211398,985.107346,1.321160,5659.246303
SETUP_STEP5,BUY,M15,EMA200_DIST_ATR,690,-1.395456,-2.385075,-4.969309,1.477580,-38.023502,40.189904
SETUP_STEP5,BUY,M30,RSI,690,39.800843,39.839385,31.221745,48.027143,7.449881,79.025323
SETUP_STEP5,BUY,M30,ADX,690,31.515424,28.780962,22.492052,38.416770,12.163930,75.143723
SETUP_STEP5,BUY,M30,CCI,690,-117.079097,-130.611486,-187.140464,-44.263310,-418.162144,168.039473
SETUP_STEP5,BUY,M30,DI_PLUS,690,12.352252,11.674272,8.138635,15.586199,1.231115,31.146039
SETUP_STEP5,BUY,M30,DI_MINUS,690,25.545169,25.981320,19.989816,30.929410,3.676158,48.088925
SETUP_STEP5,BUY,M30,DI_GAP,690,15.332408,14.396559,7.960588,21.950943,0.021521,46.136577
SETUP_STEP5,BUY,M30,ATR,690,2.306040,1.646375,1.147312,2.712625,0.387500,17.059250
SETUP_STEP5,BUY,M30,ATR_PCT_PRICE,690,0.135223,0.115284,0.084155,0.159631,0.030476,0.454541
SETUP_STEP5,BUY,M30,EMA200_DIST_POINTS,690,1057.102107,769.779413,355.555623,1386.794581,0.191241,7881.191139
SETUP_STEP5,BUY,M30,EMA200_DIST_ATR,690,-0.848658,-1.353622,-5.024164,2.984956,-29.588464,35.986301
SETUP_STEP5,BUY,H1,RSI,690,42.450203,42.350023,34.243953,50.152708,9.831009,81.790584
SETUP_STEP5,BUY,H1,ADX,690,29.554741,27.381037,20.593406,34.989693,9.981282,77.345545
SETUP_STEP5,BUY,H1,CCI,690,-89.267002,-96.458894,-171.490325,-1.771215,-445.370594,216.336091
SETUP_STEP5,BUY,H1,DI_PLUS,690,13.703793,12.949571,9.209905,17.326653,1.531874,36.844256
SETUP_STEP5,BUY,H1,DI_MINUS,690,23.463649,23.461029,17.286749,29.298897,2.518291,49.293520
SETUP_STEP5,BUY,H1,DI_GAP,690,13.511914,12.005601,5.918927,19.664264,0.002920,44.582425
SETUP_STEP5,BUY,H1,ATR,690,3.202389,2.275125,1.728625,3.658625,0.745000,21.098500
SETUP_STEP5,BUY,H1,ATR_PCT_PRICE,690,0.185378,0.163089,0.124768,0.223268,0.058593,0.903201
SETUP_STEP5,BUY,H1,EMA200_DIST_POINTS,690,1564.035790,1142.002853,536.069274,2017.717098,0.825026,12790.775561
SETUP_STEP5,BUY,H1,EMA200_DIST_ATR,690,-0.587718,-0.338159,-5.252930,4.055756,-23.678946,23.255218
SETUP_STEP5,BUY,H4,RSI,685,46.404777,46.660759,37.663698,55.244045,14.551019,83.987652
SETUP_STEP5,BUY,H4,ADX,685,28.317022,26.462115,20.142244,34.024069,10.144961,80.594683
SETUP_STEP5,BUY,H4,CCI,685,-45.014144,-45.991181,-119.734323,34.679357,-340.041631,222.666824
SETUP_STEP5,BUY,H4,DI_PLUS,685,15.782811,15.091788,11.077849,19.345287,1.872096,47.355132
SETUP_STEP5,BUY,H4,DI_MINUS,685,19.818452,19.541759,14.190218,25.082771,1.143058,45.019434
SETUP_STEP5,BUY,H4,DI_GAP,685,10.697907,9.236240,4.593014,15.031846,0.023216,42.180368
SETUP_STEP5,BUY,H4,ATR,685,6.599633,4.808000,3.474250,6.752250,1.117000,39.943250
SETUP_STEP5,BUY,H4,ATR_PCT_PRICE,685,0.373859,0.330204,0.254240,0.461458,0.086940,1.130654
SETUP_STEP5,BUY,H4,EMA200_DIST_POINTS,685,3215.907955,2334.521200,1218.034683,3869.966761,9.237062,30341.996938
SETUP_STEP5,BUY,H4,EMA200_DIST_ATR,685,0.166702,-0.320706,-4.481826,5.225726,-20.693074,19.755280
SETUP_STEP5,SELL,M1,RSI,155,69.226023,70.638907,63.857213,77.348205,35.751737,94.402145
SETUP_STEP5,SELL,M1,ADX,155,35.322095,33.548118,26.077738,44.091866,12.870886,72.220979
SETUP_STEP5,SELL,M1,CCI,155,150.335225,156.767031,94.499602,226.710772,-196.451589,466.666667
SETUP_STEP5,SELL,M1,DI_PLUS,155,30.768731,31.277904,23.108577,38.112292,5.350737,49.283524
SETUP_STEP5,SELL,M1,DI_MINUS,155,12.123558,11.203342,7.861513,15.302190,3.209461,42.583860
SETUP_STEP5,SELL,M1,DI_GAP,155,20.215942,21.291863,10.951480,29.631914,0.220203,43.145719
SETUP_STEP5,SELL,M1,ATR,155,0.618323,0.451000,0.261750,0.792500,0.025500,3.358000
SETUP_STEP5,SELL,M1,ATR_PCT_PRICE,155,0.039978,0.028969,0.018750,0.049300,0.001999,0.228806
SETUP_STEP5,SELL,M1,EMA200_DIST_POINTS,155,359.682410,278.958343,121.285306,478.449727,0.431370,1615.886948
SETUP_STEP5,SELL,M1,EMA200_DIST_ATR,155,5.865491,5.961914,4.107821,7.866807,-10.512581,30.665325
SETUP_STEP5,SELL,M5,RSI,155,68.139755,68.633637,62.626432,74.821578,33.118672,88.218530
SETUP_STEP5,SELL,M5,ADX,155,34.811072,33.143956,25.279975,42.027034,14.189386,80.561619
SETUP_STEP5,SELL,M5,CCI,155,163.365377,153.469708,117.656426,201.707826,-82.054365,466.666667
SETUP_STEP5,SELL,M5,DI_PLUS,155,29.243733,30.515823,24.226512,34.388912,7.485954,47.648583
SETUP_STEP5,SELL,M5,DI_MINUS,155,10.969437,10.204401,7.502332,13.951853,1.315748,26.266219
SETUP_STEP5,SELL,M5,DI_GAP,155,18.701444,18.754625,12.482449,25.545065,0.765171,41.693160
SETUP_STEP5,SELL,M5,ATR,155,1.162447,0.955250,0.571000,1.610125,0.138750,3.840500
SETUP_STEP5,SELL,M5,ATR_PCT_PRICE,155,0.072968,0.063561,0.040737,0.091758,0.009803,0.250848
SETUP_STEP5,SELL,M5,EMA200_DIST_POINTS,155,586.661269,461.670475,223.347136,874.542320,1.114470,2613.042543
SETUP_STEP5,SELL,M5,EMA200_DIST_ATR,155,3.483406,4.414231,1.135184,6.889576,-17.195649,16.691498
SETUP_STEP5,SELL,M15,RSI,155,65.647029,65.783124,58.211246,73.687680,31.962897,91.499408
SETUP_STEP5,SELL,M15,ADX,155,32.991487,30.754765,23.197292,38.966694,13.916957,75.727303
SETUP_STEP5,SELL,M15,CCI,155,149.048312,147.978264,114.529395,181.935576,-116.882609,460.089673
SETUP_STEP5,SELL,M15,DI_PLUS,155,28.871669,28.263538,24.155860,34.545933,6.067801,43.488278
SETUP_STEP5,SELL,M15,DI_MINUS,155,11.759308,10.965355,7.577764,15.574815,1.436306,30.136036
SETUP_STEP5,SELL,M15,DI_GAP,155,18.084858,17.162648,10.553434,25.163335,0.638537,40.437981
SETUP_STEP5,SELL,M15,ATR,155,1.857224,1.595250,0.904375,2.651250,0.308250,5.966000
SETUP_STEP5,SELL,M15,ATR_PCT_PRICE,155,0.115876,0.105153,0.070221,0.146729,0.024162,0.353617
SETUP_STEP5,SELL,M15,EMA200_DIST_POINTS,155,856.480926,573.099977,274.551516,1172.683016,0.524450,4072.835694
SETUP_STEP5,SELL,M15,EMA200_DIST_ATR,155,2.259241,3.208901,0.202622,5.594589,-14.724953,14.047338
SETUP_STEP5,SELL,M30,RSI,155,63.038844,65.001988,53.722307,71.677753,33.170160,87.465701
SETUP_STEP5,SELL,M30,ADX,155,31.983659,30.509944,23.742531,37.752644,15.119877,60.802339
SETUP_STEP5,SELL,M30,CCI,155,139.316044,146.922199,84.954248,200.359598,-178.346995,405.107159
SETUP_STEP5,SELL,M30,DI_PLUS,155,27.594973,27.401306,22.333518,32.957645,7.798287,44.898264
SETUP_STEP5,SELL,M30,DI_MINUS,155,11.847580,11.059484,8.186370,14.420741,3.698793,29.880788
SETUP_STEP5,SELL,M30,DI_GAP,155,17.006309,16.050479,9.296588,23.602186,0.028962,40.386357
SETUP_STEP5,SELL,M30,ATR,155,2.489508,2.053500,1.240875,3.523875,0.479500,7.579250
SETUP_STEP5,SELL,M30,ATR_PCT_PRICE,155,0.154261,0.144769,0.093027,0.201873,0.037592,0.407561
SETUP_STEP5,SELL,M30,EMA200_DIST_POINTS,155,892.932696,597.043116,285.421683,1219.484116,10.695811,4173.916144
SETUP_STEP5,SELL,M30,EMA200_DIST_ATR,155,2.214293,2.830127,0.672159,4.638758,-8.437694,10.939563
SETUP_STEP5,SELL,H1,RSI,155,60.086363,61.834394,51.103484,70.201509,31.243521,85.495291
SETUP_STEP5,SELL,H1,ADX,155,30.377207,29.801092,21.976807,37.891141,10.570789,61.090882
SETUP_STEP5,SELL,H1,CCI,155,112.335257,119.965159,41.178182,188.231729,-180.203740,317.319185
SETUP_STEP5,SELL,H1,DI_PLUS,155,25.381162,25.570390,19.079709,30.562802,9.016724,44.671722
SETUP_STEP5,SELL,H1,DI_MINUS,155,12.804209,12.092601,8.218052,16.010879,2.998773,32.181818
SETUP_STEP5,SELL,H1,DI_GAP,155,14.501531,14.057156,6.550099,20.661617,0.195719,38.692147
SETUP_STEP5,SELL,H1,ATR,155,3.310474,2.900500,1.824750,4.144625,0.742250,10.663500
SETUP_STEP5,SELL,H1,ATR_PCT_PRICE,155,0.204183,0.197414,0.132512,0.270516,0.058144,0.468066
SETUP_STEP5,SELL,H1,EMA200_DIST_POINTS,155,953.655315,675.944141,306.782140,1400.640694,0.937531,3754.481779
SETUP_STEP5,SELL,H1,EMA200_DIST_ATR,155,2.090594,2.005467,0.203738,3.832717,-4.680940,10.538579
SETUP_STEP5,SELL,H4,RSI,155,56.631900,56.755948,51.481867,63.722582,34.851886,75.595315
SETUP_STEP5,SELL,H4,ADX,155,27.178574,26.043836,21.773932,32.474473,15.234594,53.242314
SETUP_STEP5,SELL,H4,CCI,155,52.938479,61.715634,-43.364830,135.874421,-224.612356,306.199274
SETUP_STEP5,SELL,H4,DI_PLUS,155,22.709882,22.991157,16.463546,28.803950,8.504158,44.302336
SETUP_STEP5,SELL,H4,DI_MINUS,155,15.412936,15.069738,12.109947,18.852436,3.505896,27.713846
SETUP_STEP5,SELL,H4,DI_GAP,155,11.314113,11.240688,5.451264,15.931261,0.086901,36.780760
SETUP_STEP5,SELL,H4,ATR,155,6.160360,5.196500,3.341125,7.421250,1.236750,31.070000
SETUP_STEP5,SELL,H4,ATR_PCT_PRICE,155,0.379943,0.332095,0.251802,0.449682,0.096960,1.654800
SETUP_STEP5,SELL,H4,EMA200_DIST_POINTS,155,1818.568066,1329.478664,621.276566,2698.171608,2.463217,8077.698819
SETUP_STEP5,SELL,H4,EMA200_DIST_ATR,155,0.988862,0.677944,-1.548531,3.544179,-11.324412,13.404444
SETUP_SUCCESS,ALL,M1,RSI,9012,43.928612,44.549274,30.843278,53.776422,3.924580,93.282378
SETUP_SUCCESS,ALL,M1,ADX,9012,31.892712,29.614280,22.789012,38.895908,9.852506,87.364404
SETUP_SUCCESS,ALL,M1,CCI,9012,-32.451981,-26.607976,-159.812038,96.502787,-466.666667,466.666667
SETUP_SUCCESS,ALL,M1,DI_PLUS,9012,17.772881,16.243095,11.166979,22.208782,0.632639,63.449951
SETUP_SUCCESS,ALL,M1,DI_MINUS,9012,23.334803,20.652407,15.116940,31.738512,0.844357,65.253018
SETUP_SUCCESS,ALL,M1,DI_GAP,9012,14.899344,11.782337,4.666426,24.057350,0.004206,60.382693
SETUP_SUCCESS,ALL,M1,ATR,9012,0.691992,0.406000,0.241437,0.752500,0.020750,20.077500
SETUP_SUCCESS,ALL,M1,ATR_PCT_PRICE,9012,0.032621,0.024215,0.015615,0.038810,0.001635,0.454561
SETUP_SUCCESS,ALL,M1,EMA200_DIST_POINTS,9012,330.566634,184.597027,83.877335,370.788945,0.019144,14063.641144
SETUP_SUCCESS,ALL,M1,EMA200_DIST_ATR,9012,-1.795628,-2.624904,-5.679884,2.345132,-53.209614,38.280843
SETUP_SUCCESS,ALL,M5,RSI,9012,44.418345,42.870324,33.372200,54.482877,5.435312,89.299286
SETUP_SUCCESS,ALL,M5,ADX,9012,32.846665,30.716544,23.608764,40.222525,8.736896,85.277864
SETUP_SUCCESS,ALL,M5,CCI,9012,-61.345685,-93.043479,-149.581082,40.238724,-466.666667,465.413016
SETUP_SUCCESS,ALL,M5,DI_PLUS,9012,15.306685,13.102964,9.060288,19.862176,0.838946,52.668924
SETUP_SUCCESS,ALL,M5,DI_MINUS,9012,22.735273,23.400272,15.230249,29.838976,0.887928,54.930700
SETUP_SUCCESS,ALL,M5,DI_GAP,9012,15.764454,15.442582,8.610917,22.209445,0.000576,50.541625
SETUP_SUCCESS,ALL,M5,ATR,9012,1.501724,0.946000,0.582437,1.617562,0.089500,40.461000
SETUP_SUCCESS,ALL,M5,ATR_PCT_PRICE,9012,0.070215,0.055976,0.038348,0.085434,0.006766,1.106264
SETUP_SUCCESS,ALL,M5,EMA200_DIST_POINTS,9012,615.983788,347.828013,156.027186,704.066385,0.077456,29877.625254
SETUP_SUCCESS,ALL,M5,EMA200_DIST_ATR,9012,-0.457108,-0.812128,-4.107754,3.120866,-54.339991,51.638209
SETUP_SUCCESS,ALL,M15,RSI,9008,46.701546,46.173753,37.257548,55.632590,8.660243,91.970111
SETUP_SUCCESS,ALL,M15,ADX,9008,30.223159,27.863376,21.937595,36.014740,9.519466,88.801384
SETUP_SUCCESS,ALL,M15,CCI,9008,-48.247335,-69.543818,-144.496155,49.937879,-466.666667,449.643531
SETUP_SUCCESS,ALL,M15,DI_PLUS,9008,16.078691,14.627933,10.372744,20.382873,0.523014,50.564303
SETUP_SUCCESS,ALL,M15,DI_MINUS,9008,21.425570,21.270320,14.866871,27.721496,1.117575,53.668770
SETUP_SUCCESS,ALL,M15,DI_GAP,9008,13.356514,12.273656,6.150658,19.240510,0.000067,47.698488
SETUP_SUCCESS,ALL,M15,ATR,9008,2.515517,1.590875,1.002500,2.741125,0.189750,72.907500
SETUP_SUCCESS,ALL,M15,ATR_PCT_PRICE,9008,0.117689,0.095534,0.067134,0.142609,0.014916,1.765338
SETUP_SUCCESS,ALL,M15,EMA200_DIST_POINTS,9008,1045.581155,615.661813,276.770672,1215.013464,0.003584,46096.915336
SETUP_SUCCESS,ALL,M15,EMA200_DIST_ATR,9008,0.146333,-0.034036,-3.763295,3.911462,-43.662902,50.689819
SETUP_SUCCESS,ALL,M30,RSI,9004,48.121494,47.767617,39.423928,56.627349,8.598159,90.201408
SETUP_SUCCESS,ALL,M30,ADX,9004,29.628452,27.115071,21.328244,35.819013,9.060608,88.928684
SETUP_SUCCESS,ALL,M30,CCI,9004,-32.764916,-39.214542,-124.711591,57.610240,-461.832537,466.666667
SETUP_SUCCESS,ALL,M30,DI_PLUS,9004,16.726011,15.752443,11.241795,21.305416,0.994415,48.531876
SETUP_SUCCESS,ALL,M30,DI_MINUS,9004,20.033707,19.662787,13.990531,25.528311,0.939926,50.810502
SETUP_SUCCESS,ALL,M30,DI_GAP,9004,11.773009,10.394720,4.999022,17.102803,0.004616,46.136577
SETUP_SUCCESS,ALL,M30,ATR,9004,3.573791,2.268500,1.445750,3.889500,0.367000,83.926750
SETUP_SUCCESS,ALL,M30,ATR_PCT_PRICE,9004,0.166946,0.137131,0.097636,0.202551,0.026588,2.032152
SETUP_SUCCESS,ALL,M30,EMA200_DIST_POINTS,9004,1436.476762,843.835536,375.978856,1642.769894,0.191241,59490.243776
SETUP_SUCCESS,ALL,M30,EMA200_DIST_ATR,9004,0.407813,0.398368,-3.192692,3.877550,-32.898006,39.846463
SETUP_SUCCESS,ALL,H1,RSI,8995,49.227604,48.893163,40.674334,58.040550,9.298734,88.217262
SETUP_SUCCESS,ALL,H1,ADX,8995,29.537615,27.421786,21.235982,35.366051,9.046572,86.962608
SETUP_SUCCESS,ALL,H1,CCI,8995,-16.976964,-17.618719,-100.282756,68.212675,-456.711993,370.926804
SETUP_SUCCESS,ALL,H1,DI_PLUS,8995,17.242140,16.344786,11.977179,21.651805,1.480411,48.366814
SETUP_SUCCESS,ALL,H1,DI_MINUS,8995,18.672636,18.094300,12.972476,23.719858,0.797203,50.758862
SETUP_SUCCESS,ALL,H1,DI_GAP,8995,10.942729,9.454328,4.376559,16.009150,0.005207,44.582425
SETUP_SUCCESS,ALL,H1,ATR,8995,5.129426,3.284750,2.107250,5.463375,0.627250,120.751750
SETUP_SUCCESS,ALL,H1,ATR_PCT_PRICE,8995,0.238568,0.198263,0.141242,0.288328,0.049213,2.719031
SETUP_SUCCESS,ALL,H1,EMA200_DIST_POINTS,8995,1971.318018,1163.170178,500.872559,2333.629162,0.117430,73020.813117
SETUP_SUCCESS,ALL,H1,EMA200_DIST_ATR,8995,0.602204,0.709912,-2.707901,4.000564,-29.594933,28.089176
SETUP_SUCCESS,ALL,H4,RSI,8927,50.594544,50.817965,42.467880,58.772980,11.203518,92.544762
SETUP_SUCCESS,ALL,H4,ADX,8927,30.007934,27.738329,21.521425,36.212871,8.408214,83.878545
SETUP_SUCCESS,ALL,H4,CCI,8927,1.527571,3.984615,-80.203029,83.039041,-440.069959,366.579580
SETUP_SUCCESS,ALL,H4,DI_PLUS,8927,18.226285,17.524302,12.836109,22.883969,1.899371,56.664731
SETUP_SUCCESS,ALL,H4,DI_MINUS,8927,17.507056,16.956667,12.146444,22.206100,1.143058,47.668859
SETUP_SUCCESS,ALL,H4,DI_GAP,8927,10.667911,9.234707,4.280937,15.560425,0.003882,50.389069
SETUP_SUCCESS,ALL,H4,ATR,8927,9.977547,6.501250,4.313125,10.323000,0.958250,217.057750
SETUP_SUCCESS,ALL,H4,ATR_PCT_PRICE,8927,0.459421,0.394762,0.289859,0.542197,0.074491,4.565576
SETUP_SUCCESS,ALL,H4,EMA200_DIST_POINTS,8927,4155.789892,2479.950682,1115.822712,4878.985852,0.147989,83851.475473
SETUP_SUCCESS,ALL,H4,EMA200_DIST_ATR,8927,1.030766,0.973666,-2.641503,4.926701,-33.675090,23.536023
SETUP_SUCCESS,BUY,M1,RSI,6768,38.169661,37.753300,28.263273,48.285464,3.924580,90.967288
SETUP_SUCCESS,BUY,M1,ADX,6768,32.023530,29.699284,22.903981,39.076900,9.852506,87.364404
SETUP_SUCCESS,BUY,M1,CCI,6768,-60.506756,-53.054804,-178.246610,66.134671,-466.666667,466.471357
SETUP_SUCCESS,BUY,M1,DI_PLUS,6768,15.396341,14.576787,9.958111,19.748716,0.632639,55.825725
SETUP_SUCCESS,BUY,M1,DI_MINUS,6768,25.952811,24.001897,17.027027,34.494730,0.844357,65.253018
SETUP_SUCCESS,BUY,M1,DI_GAP,6768,15.184757,12.283675,4.823915,24.433329,0.005074,58.532849
SETUP_SUCCESS,BUY,M1,ATR,6768,0.708671,0.407500,0.242500,0.764625,0.020750,20.077500
SETUP_SUCCESS,BUY,M1,ATR_PCT_PRICE,6768,0.033297,0.024515,0.015697,0.039448,0.001635,0.424861
SETUP_SUCCESS,BUY,M1,EMA200_DIST_POINTS,6768,331.027304,181.490188,82.426834,366.873379,0.019144,14063.641144
SETUP_SUCCESS,BUY,M1,EMA200_DIST_ATR,6768,-3.886302,-4.069222,-6.568330,-1.232185,-53.209614,36.389538
SETUP_SUCCESS,BUY,M5,RSI,6768,38.648964,38.140334,30.948714,45.960971,5.435312,83.192331
SETUP_SUCCESS,BUY,M5,ADX,6768,32.717896,30.671603,23.566228,39.926671,8.736896,85.277864
SETUP_SUCCESS,BUY,M5,CCI,6768,-120.280847,-118.628562,-167.173688,-77.273399,-466.666667,437.513607
SETUP_SUCCESS,BUY,M5,DI_PLUS,6768,11.697394,11.053033,8.048349,14.628226,0.838946,41.478986
SETUP_SUCCESS,BUY,M5,DI_MINUS,6768,26.517329,26.398477,21.210761,31.775215,2.539130,54.930700
SETUP_SUCCESS,BUY,M5,DI_GAP,6768,15.792305,15.451458,8.536950,22.262319,0.000576,50.541625
SETUP_SUCCESS,BUY,M5,ATR,6768,1.522584,0.942375,0.581250,1.642125,0.095750,40.461000
SETUP_SUCCESS,BUY,M5,ATR_PCT_PRICE,6768,0.071014,0.056226,0.038413,0.086201,0.006766,0.838916
SETUP_SUCCESS,BUY,M5,EMA200_DIST_POINTS,6768,611.695765,344.070136,152.899266,695.273128,0.148117,29877.625254
SETUP_SUCCESS,BUY,M5,EMA200_DIST_ATR,6768,-1.296731,-1.705333,-4.647763,1.735035,-54.339991,51.638209
SETUP_SUCCESS,BUY,M15,RSI,6764,42.711220,42.576687,34.676066,50.378342,8.660243,83.351678
SETUP_SUCCESS,BUY,M15,ADX,6764,30.168491,27.853495,22.033544,35.831912,9.519466,88.801384
SETUP_SUCCESS,BUY,M15,CCI,6764,-97.899170,-111.741607,-162.021066,-29.658060,-466.666667,353.395771
SETUP_SUCCESS,BUY,M15,DI_PLUS,6764,13.234788,12.633956,9.274586,16.735951,0.523014,38.208274
SETUP_SUCCESS,BUY,M15,DI_MINUS,6764,24.315738,24.315371,18.970228,29.486811,1.117575,53.668770
SETUP_SUCCESS,BUY,M15,DI_GAP,6764,13.245547,12.220040,6.056664,19.193532,0.000067,47.698488
SETUP_SUCCESS,BUY,M15,ATR,6764,2.531975,1.583000,0.996750,2.764750,0.189750,72.907500
SETUP_SUCCESS,BUY,M15,ATR_PCT_PRICE,6764,0.118282,0.095303,0.066762,0.143294,0.014916,1.765338
SETUP_SUCCESS,BUY,M15,EMA200_DIST_POINTS,6764,1062.341666,625.670286,278.330037,1234.350762,0.003584,46096.915336
SETUP_SUCCESS,BUY,M15,EMA200_DIST_ATR,6764,-0.205609,-0.563104,-4.161571,3.391445,-43.662902,50.689819
SETUP_SUCCESS,BUY,M30,RSI,6760,45.297911,45.169206,37.294099,53.117434,8.598159,84.255953
SETUP_SUCCESS,BUY,M30,ADX,6760,29.706449,27.098290,21.351934,35.785743,9.060608,88.928684
SETUP_SUCCESS,BUY,M30,CCI,6760,-69.716811,-78.323845,-145.486319,15.070728,-461.832537,395.678942
SETUP_SUCCESS,BUY,M30,DI_PLUS,6760,14.721336,14.231992,10.290553,18.543792,0.994415,41.774133
SETUP_SUCCESS,BUY,M30,DI_MINUS,6760,22.022488,21.777256,16.504072,27.274713,0.939926,50.810502
SETUP_SUCCESS,BUY,M30,DI_GAP,6760,11.629259,10.329426,4.939675,16.786434,0.004616,46.136577
SETUP_SUCCESS,BUY,M30,ATR,6760,3.567849,2.249625,1.430000,3.901063,0.387500,83.926750
SETUP_SUCCESS,BUY,M30,ATR_PCT_PRICE,6760,0.166769,0.136785,0.097256,0.202514,0.026588,2.032152
SETUP_SUCCESS,BUY,M30,EMA200_DIST_POINTS,6760,1557.060057,940.861880,420.625850,1797.510186,0.191241,59490.243776
SETUP_SUCCESS,BUY,M30,EMA200_DIST_ATR,6760,0.190625,0.048438,-3.876416,4.169896,-32.898006,39.846463
SETUP_SUCCESS,BUY,H1,RSI,6751,47.428538,47.081489,39.265351,55.530850,9.298734,88.217262
SETUP_SUCCESS,BUY,H1,ADX,6751,29.664965,27.504760,21.394823,35.333544,9.046572,86.962608
SETUP_SUCCESS,BUY,H1,CCI,6751,-40.474384,-43.412179,-118.263393,45.984868,-456.711993,370.926804
SETUP_SUCCESS,BUY,H1,DI_PLUS,6751,16.034325,15.411696,11.273013,20.007895,1.480411,44.711289
SETUP_SUCCESS,BUY,H1,DI_MINUS,6751,19.853162,19.431309,14.292795,24.917946,0.797203,50.758862
SETUP_SUCCESS,BUY,H1,DI_GAP,6751,10.814464,9.389109,4.260116,15.792375,0.005207,44.582425
SETUP_SUCCESS,BUY,H1,ATR,6751,5.110782,3.246250,2.093875,5.499375,0.627250,102.780750
SETUP_SUCCESS,BUY,H1,ATR_PCT_PRICE,6751,0.238032,0.197741,0.140624,0.288101,0.049213,2.719031
SETUP_SUCCESS,BUY,H1,EMA200_DIST_POINTS,6751,2253.158949,1399.470354,622.375922,2623.785677,0.117430,73020.813117
SETUP_SUCCESS,BUY,H1,EMA200_DIST_ATR,6751,0.435102,0.490080,-3.711484,4.598351,-29.594933,28.089176
SETUP_SUCCESS,BUY,H4,RSI,6705,49.911355,49.918455,40.957917,58.863175,11.203518,92.544762
SETUP_SUCCESS,BUY,H4,ADX,6705,30.850272,28.356736,21.788947,37.276841,8.408214,83.878545
SETUP_SUCCESS,BUY,H4,CCI,6705,-4.567135,-0.495916,-85.335243,75.936164,-440.069959,337.026131
SETUP_SUCCESS,BUY,H4,DI_PLUS,6705,18.002869,17.304782,12.547491,22.706376,1.899371,56.664731
SETUP_SUCCESS,BUY,H4,DI_MINUS,6705,17.704588,17.185466,12.239880,22.535068,1.143058,47.668859
SETUP_SUCCESS,BUY,H4,DI_GAP,6705,10.815511,9.238294,4.355499,15.756616,0.003882,50.389069
SETUP_SUCCESS,BUY,H4,ATR,6705,9.955480,6.513750,4.299250,10.321000,1.117000,211.240750
SETUP_SUCCESS,BUY,H4,ATR_PCT_PRICE,6705,0.459344,0.395970,0.290990,0.542973,0.086940,4.565576
SETUP_SUCCESS,BUY,H4,EMA200_DIST_POINTS,6705,4429.263881,2660.117017,1252.717569,5149.928945,0.692111,83851.475473
SETUP_SUCCESS,BUY,H4,EMA200_DIST_ATR,6705,0.958802,0.944663,-3.073258,5.192715,-33.675090,22.255066
SETUP_SUCCESS,SELL,M1,RSI,2244,61.297856,61.053272,52.241738,70.710571,18.402347,93.282378
SETUP_SUCCESS,SELL,M1,ADX,2244,31.498157,29.284091,22.464505,38.456176,10.384996,79.438587
SETUP_SUCCESS,SELL,M1,CCI,2244,52.162419,36.946131,-67.289938,168.396512,-377.184118,466.666667
SETUP_SUCCESS,SELL,M1,DI_PLUS,2244,24.940625,22.283339,16.559059,32.988542,1.002371,63.449951
SETUP_SUCCESS,SELL,M1,DI_MINUS,2244,15.438777,14.798719,10.148278,19.671385,1.547528,45.452125
SETUP_SUCCESS,SELL,M1,DI_GAP,2244,14.038528,10.365849,4.220356,23.032186,0.004206,60.382693
SETUP_SUCCESS,SELL,M1,ATR,2244,0.641686,0.403125,0.237375,0.706562,0.025500,14.790000
SETUP_SUCCESS,SELL,M1,ATR_PCT_PRICE,2244,0.030581,0.023584,0.015446,0.036947,0.001999,0.454561
SETUP_SUCCESS,SELL,M1,EMA200_DIST_POINTS,2244,329.177233,197.332024,87.947346,385.514020,0.050371,4766.511029
SETUP_SUCCESS,SELL,M1,EMA200_DIST_ATR,2244,4.509934,4.576648,1.740980,7.313950,-27.443550,38.280843
SETUP_SUCCESS,SELL,M5,RSI,2244,61.819045,62.410036,54.811445,68.937094,28.467317,89.299286
SETUP_SUCCESS,SELL,M5,ADX,2244,33.235039,30.845227,23.666458,40.950793,10.546171,84.626677
SETUP_SUCCESS,SELL,M5,CCI,2244,116.405284,114.350006,79.888550,160.930334,-253.711926,465.413016
SETUP_SUCCESS,SELL,M5,DI_PLUS,2244,26.192463,25.918049,21.088574,31.188289,4.184314,52.668924
SETUP_SUCCESS,SELL,M5,DI_MINUS,2244,11.328432,10.555036,7.660221,14.203249,0.887928,39.365465
SETUP_SUCCESS,SELL,M5,DI_GAP,2244,15.680455,15.386799,8.773979,22.011300,0.000858,49.014700
SETUP_SUCCESS,SELL,M5,ATR,2244,1.438809,0.955000,0.586688,1.555813,0.089500,21.420000
SETUP_SUCCESS,SELL,M5,ATR_PCT_PRICE,2244,0.067806,0.055455,0.037946,0.083255,0.006941,1.106264
SETUP_SUCCESS,SELL,M5,EMA200_DIST_POINTS,2244,628.916648,357.655613,163.476404,729.388654,0.077456,10892.960251
SETUP_SUCCESS,SELL,M5,EMA200_DIST_ATR,2244,2.075230,2.533829,-0.994532,5.527674,-35.014538,29.288051
SETUP_SUCCESS,SELL,M15,RSI,2244,58.729428,58.799612,51.207824,66.685380,20.458539,91.970111
SETUP_SUCCESS,SELL,M15,ADX,2244,30.387942,27.894367,21.709241,36.524545,10.006772,81.746089
SETUP_SUCCESS,SELL,M15,CCI,2244,101.416216,113.557258,47.412175,161.055847,-187.254219,449.643531
SETUP_SUCCESS,SELL,M15,DI_PLUS,2244,24.650956,24.427961,19.381963,29.648673,3.007170,50.564303
SETUP_SUCCESS,SELL,M15,DI_MINUS,2244,12.713851,12.231144,8.884186,16.031533,1.578328,35.095005
SETUP_SUCCESS,SELL,M15,DI_GAP,2244,13.690996,12.767780,6.430190,19.427654,0.010687,46.502785
SETUP_SUCCESS,SELL,M15,ATR,2244,2.465909,1.623500,1.023438,2.656812,0.204500,35.399500
SETUP_SUCCESS,SELL,M15,ATR_PCT_PRICE,2244,0.115900,0.096056,0.068457,0.140656,0.016017,1.363695
SETUP_SUCCESS,SELL,M15,EMA200_DIST_POINTS,2244,995.060614,587.358991,272.922649,1151.326759,0.141780,16669.440202
SETUP_SUCCESS,SELL,M15,EMA200_DIST_ATR,2244,1.207177,1.412414,-2.181652,4.763886,-30.514051,32.032510
SETUP_SUCCESS,SELL,M30,RSI,2244,56.627475,56.600811,48.748414,64.778382,15.823347,90.201408
SETUP_SUCCESS,SELL,M30,ADX,2244,29.393487,27.189515,21.304250,35.859440,10.723586,77.244896
SETUP_SUCCESS,SELL,M30,CCI,2244,78.551842,89.539549,1.648371,147.099123,-263.984359,466.666667
SETUP_SUCCESS,SELL,M30,DI_PLUS,2244,22.765048,22.530348,17.304887,27.935831,1.527606,48.531876
SETUP_SUCCESS,SELL,M30,DI_MINUS,2244,14.042548,13.381050,9.912237,17.724800,1.785601,38.856283
SETUP_SUCCESS,SELL,M30,DI_GAP,2244,12.206053,10.718302,5.160382,17.908057,0.013876,43.980848
SETUP_SUCCESS,SELL,M30,ATR,2244,3.591691,2.314000,1.496625,3.784000,0.367000,77.860000
SETUP_SUCCESS,SELL,M30,ATR_PCT_PRICE,2244,0.167479,0.137571,0.098607,0.202735,0.028744,1.668030
SETUP_SUCCESS,SELL,M30,EMA200_DIST_POINTS,2244,1073.222272,616.197306,266.889214,1250.623019,0.578001,16847.400403
SETUP_SUCCESS,SELL,M30,EMA200_DIST_ATR,2244,1.062089,1.104329,-1.315739,3.454040,-20.984006,22.493132
SETUP_SUCCESS,SELL,H1,RSI,2244,54.640034,54.928855,46.202305,63.192444,14.317837,85.704768
SETUP_SUCCESS,SELL,H1,ADX,2244,29.154487,27.088414,20.803526,35.691926,10.034772,73.767288
SETUP_SUCCESS,SELL,H1,CCI,2244,53.714249,62.538336,-29.564039,129.586502,-317.081384,340.230503
SETUP_SUCCESS,SELL,H1,DI_PLUS,2244,20.875812,20.432642,14.773304,26.364559,1.835689,48.366814
SETUP_SUCCESS,SELL,H1,DI_MINUS,2244,15.121063,14.385762,10.422398,19.158474,2.720608,45.493573
SETUP_SUCCESS,SELL,H1,DI_GAP,2244,11.328610,9.768808,4.627397,16.737011,0.015439,42.267830
SETUP_SUCCESS,SELL,H1,ATR,2244,5.185516,3.351750,2.161750,5.391812,0.693250,120.751750
SETUP_SUCCESS,SELL,H1,ATR_PCT_PRICE,2244,0.240178,0.199537,0.143311,0.289170,0.053215,2.359970
SETUP_SUCCESS,SELL,H1,EMA200_DIST_POINTS,2244,1123.408874,669.461244,293.104873,1337.348440,0.542915,12958.084118
SETUP_SUCCESS,SELL,H1,EMA200_DIST_ATR,2244,1.104924,1.041722,-0.772796,2.856667,-17.188036,14.778435
SETUP_SUCCESS,SELL,H4,RSI,2222,52.656104,52.506509,46.823018,58.581968,17.785616,85.496997
SETUP_SUCCESS,SELL,H4,ADX,2222,27.466137,26.248181,20.647872,33.020909,10.900567,74.847449
SETUP_SUCCESS,SELL,H4,CCI,2222,19.918661,27.154570,-66.432705,102.655937,-334.656554,366.579580
SETUP_SUCCESS,SELL,H4,DI_PLUS,2222,18.900454,18.170892,13.661247,23.597173,2.181577,48.385709
SETUP_SUCCESS,SELL,H4,DI_MINUS,2222,16.910993,16.208819,12.040877,21.088123,3.497262,45.023627
SETUP_SUCCESS,SELL,H4,DI_GAP,2222,10.222518,9.207242,4.101078,14.864635,0.006167,42.927261
SETUP_SUCCESS,SELL,H4,ATR,2222,10.044135,6.490125,4.352875,10.325812,0.958250,217.057750
SETUP_SUCCESS,SELL,H4,ATR_PCT_PRICE,2222,0.459651,0.391986,0.286587,0.539304,0.074491,4.242172
SETUP_SUCCESS,SELL,H4,EMA200_DIST_POINTS,2222,3330.567977,1950.796234,791.501190,4047.119475,0.147989,43298.482266
SETUP_SUCCESS,SELL,H4,EMA200_DIST_ATR,2222,1.247920,1.033526,-1.666393,4.176899,-17.769717,23.536023
SETUP_LOSS,ALL,M1,RSI,368,36.600993,30.679280,24.417241,47.596075,4.070324,94.402145
SETUP_LOSS,ALL,M1,ADX,368,36.093213,33.355625,25.358506,45.091264,11.044697,89.058620
SETUP_LOSS,ALL,M1,CCI,368,-103.355246,-150.528694,-213.679408,23.987008,-466.666667,466.666667
SETUP_LOSS,ALL,M1,DI_PLUS,368,15.266728,12.427295,8.259527,20.293965,0.894981,54.038483
SETUP_LOSS,ALL,M1,DI_MINUS,368,28.909411,31.719766,18.063616,37.102417,4.025350,58.632991
SETUP_LOSS,ALL,M1,DI_GAP,368,21.327625,22.047554,11.354554,29.942639,0.179042,57.285740
SETUP_LOSS,ALL,M1,ATR,368,1.869525,0.957500,0.443813,2.120562,0.077000,19.901500
SETUP_LOSS,ALL,M1,ATR_PCT_PRICE,368,0.063868,0.045597,0.026429,0.080987,0.005816,0.416671
SETUP_LOSS,ALL,M1,EMA200_DIST_POINTS,368,967.150738,456.305395,184.066383,1101.116990,3.367892,12329.541680
SETUP_LOSS,ALL,M1,EMA200_DIST_ATR,368,-3.548673,-4.546469,-6.791764,-1.041485,-18.004947,12.725981
SETUP_LOSS,ALL,M5,RSI,368,37.396689,33.531707,25.286403,47.258772,7.880969,88.218530
SETUP_LOSS,ALL,M5,ADX,368,35.372705,33.260009,25.821469,43.062617,10.757575,77.573579
SETUP_LOSS,ALL,M5,CCI,368,-115.376694,-144.816970,-201.332581,-80.162103,-438.706121,466.666667
SETUP_LOSS,ALL,M5,DI_PLUS,368,13.021301,10.373395,7.549946,15.575246,1.210981,47.996007
SETUP_LOSS,ALL,M5,DI_MINUS,368,27.137566,28.061340,20.596173,33.721759,3.288107,53.992585
SETUP_LOSS,ALL,M5,DI_GAP,368,19.805905,19.690007,12.657037,26.634893,0.045010,49.147503
SETUP_LOSS,ALL,M5,ATR,368,3.622484,1.840750,0.896625,4.201875,0.137750,30.328250
SETUP_LOSS,ALL,M5,ATR_PCT_PRICE,368,0.121752,0.090966,0.053506,0.150251,0.012022,0.733809
SETUP_LOSS,ALL,M5,EMA200_DIST_POINTS,368,1534.238113,689.162227,284.131272,1596.585107,0.150749,24035.769164
SETUP_LOSS,ALL,M5,EMA200_DIST_ATR,368,-2.022719,-2.943436,-5.039933,0.397662,-16.976156,23.130177
SETUP_LOSS,ALL,M15,RSI,368,39.816927,36.866698,27.761117,49.864784,7.383082,91.499408
SETUP_LOSS,ALL,M15,ADX,368,32.410883,30.402894,22.994585,38.928522,10.659035,75.727303
SETUP_LOSS,ALL,M15,CCI,368,-98.982602,-134.435319,-195.102521,-13.244985,-444.832311,460.089673
SETUP_LOSS,ALL,M15,DI_PLUS,368,14.059521,11.822274,8.324920,18.233776,1.792282,43.832227
SETUP_LOSS,ALL,M15,DI_MINUS,368,25.151616,25.913696,19.578032,32.059273,1.436306,46.035746
SETUP_LOSS,ALL,M15,DI_GAP,368,17.022312,16.958374,8.835112,23.356603,0.011596,40.437981
SETUP_LOSS,ALL,M15,ATR,368,5.494082,2.782250,1.361125,6.385625,0.410000,46.938000
SETUP_LOSS,ALL,M15,ATR_PCT_PRICE,368,0.183879,0.133992,0.087031,0.234922,0.025814,1.036911
SETUP_LOSS,ALL,M15,EMA200_DIST_POINTS,368,2238.825281,880.340680,410.637024,2055.591565,3.074140,37114.917457
SETUP_LOSS,ALL,M15,EMA200_DIST_ATR,368,-1.151199,-1.712854,-4.387770,1.505805,-14.379117,22.714642
SETUP_LOSS,ALL,M30,RSI,368,42.029481,40.731209,31.338975,50.771197,7.388724,86.370149
SETUP_LOSS,ALL,M30,ADX,368,31.847226,29.125990,22.412561,38.385358,11.828949,75.143723
SETUP_LOSS,ALL,M30,CCI,368,-88.072998,-121.120329,-178.841266,4.576539,-416.419011,405.107159
SETUP_LOSS,ALL,M30,DI_PLUS,368,14.138716,12.749732,8.210651,18.364706,1.231115,44.898264
SETUP_LOSS,ALL,M30,DI_MINUS,368,24.036323,24.568348,18.250564,30.672312,3.966517,43.033429
SETUP_LOSS,ALL,M30,DI_GAP,368,15.502310,14.796616,7.575187,22.158135,0.051849,40.472092
SETUP_LOSS,ALL,M30,ATR,368,7.281122,3.679375,1.857500,8.155188,0.705000,80.369250
SETUP_LOSS,ALL,M30,ATR_PCT_PRICE,368,0.243172,0.178258,0.120365,0.297632,0.046815,1.735756
SETUP_LOSS,ALL,M30,EMA200_DIST_POINTS,368,2983.189356,1252.543819,509.302933,2689.480723,6.193672,44750.927222
SETUP_LOSS,ALL,M30,EMA200_DIST_ATR,368,-0.736787,-0.937091,-4.748708,2.629497,-19.280914,24.473387
SETUP_LOSS,ALL,H1,RSI,368,43.853572,43.860057,34.476245,51.660291,8.332642,78.643192
SETUP_LOSS,ALL,H1,ADX,368,30.261647,28.275201,21.553178,36.210723,9.981282,77.345545
SETUP_LOSS,ALL,H1,CCI,368,-75.882480,-92.918144,-169.061573,16.446810,-389.263141,294.023134
SETUP_LOSS,ALL,H1,DI_PLUS,368,14.855985,13.122559,10.034690,18.130789,2.256454,44.671722
SETUP_LOSS,ALL,H1,DI_MINUS,368,22.606523,23.054144,15.786873,28.534115,4.789705,44.602461
SETUP_LOSS,ALL,H1,DI_GAP,368,13.794224,12.953508,5.918927,19.834162,0.002920,41.716917
SETUP_LOSS,ALL,H1,ATR,368,9.926341,4.945875,2.667125,10.706063,0.847750,149.765000
SETUP_LOSS,ALL,H1,ATR_PCT_PRICE,368,0.329016,0.255241,0.177787,0.374750,0.068104,3.234515
SETUP_LOSS,ALL,H1,EMA200_DIST_POINTS,368,4012.237456,1723.146105,848.422008,3977.622839,2.948363,48792.421407
SETUP_LOSS,ALL,H1,EMA200_DIST_ATR,368,-0.483160,0.233145,-4.888344,3.661391,-15.527422,13.198103
SETUP_LOSS,ALL,H4,RSI,363,46.864689,47.385210,37.437092,55.881327,10.416686,83.987652
SETUP_LOSS,ALL,H4,ADX,363,29.350545,27.604826,21.512335,36.211769,10.946815,63.257302
SETUP_LOSS,ALL,H4,CCI,363,-35.016084,-30.351325,-123.634100,41.890148,-432.354644,306.199274
SETUP_LOSS,ALL,H4,DI_PLUS,363,16.251640,15.374371,11.376096,20.726113,1.872096,33.386573
SETUP_LOSS,ALL,H4,DI_MINUS,363,19.783972,18.548630,13.631922,25.245532,4.164351,50.113185
SETUP_LOSS,ALL,H4,DI_GAP,363,11.104010,9.427287,4.721078,15.620435,0.096201,42.513753
SETUP_LOSS,ALL,H4,ATR,363,19.692325,8.703000,4.791750,24.730750,1.958750,236.049000
SETUP_LOSS,ALL,H4,ATR_PCT_PRICE,363,0.624111,0.466988,0.301517,0.707529,0.136208,5.034332
SETUP_LOSS,ALL,H4,EMA200_DIST_POINTS,363,7587.505669,3606.512095,1401.094149,8291.479265,9.541926,73598.699004
SETUP_LOSS,ALL,H4,EMA200_DIST_ATR,363,0.306326,0.443919,-3.420411,4.198067,-13.458563,19.108330
SETUP_LOSS,BUY,M1,RSI,313,31.066675,28.124156,22.997354,36.884188,4.070324,80.813131
SETUP_LOSS,BUY,M1,ADX,313,35.684719,32.967670,25.138976,44.888985,11.044697,89.058620
SETUP_LOSS,BUY,M1,CCI,313,-144.332833,-165.336022,-225.626217,-96.079438,-466.666667,281.504760
SETUP_LOSS,BUY,M1,DI_PLUS,313,12.603242,11.404152,7.451838,17.239336,0.894981,37.376396
SETUP_LOSS,BUY,M1,DI_MINUS,313,31.789513,33.006227,24.883782,38.937401,6.387880,58.632991
SETUP_LOSS,BUY,M1,DI_GAP,313,21.355950,22.057046,11.396426,29.973271,0.204886,57.285740
SETUP_LOSS,BUY,M1,ATR,313,1.877036,0.972500,0.448000,2.097500,0.077000,19.901500
SETUP_LOSS,BUY,M1,ATR_PCT_PRICE,313,0.063800,0.045873,0.027003,0.079693,0.005816,0.416671
SETUP_LOSS,BUY,M1,EMA200_DIST_POINTS,313,971.038089,465.782591,180.770122,1097.378503,3.367892,12329.541680
SETUP_LOSS,BUY,M1,EMA200_DIST_ATR,313,-5.080294,-5.017886,-7.031646,-3.257388,-18.004947,10.596389
SETUP_LOSS,BUY,M5,RSI,313,32.137828,30.545787,23.789768,38.987613,7.880969,70.975830
SETUP_LOSS,BUY,M5,ADX,313,35.609864,33.590787,26.002653,44.436048,10.757575,77.573579
SETUP_LOSS,BUY,M5,CCI,313,-163.763133,-159.260833,-212.492277,-115.761237,-438.706121,398.437288
SETUP_LOSS,BUY,M5,DI_PLUS,313,10.210790,9.465682,7.029963,12.572926,1.210981,29.649484
SETUP_LOSS,BUY,M5,DI_MINUS,313,29.827537,29.859165,25.333231,34.864630,11.798387,53.992585
SETUP_LOSS,BUY,M5,DI_GAP,313,20.041298,20.073808,12.662335,27.299328,0.045010,49.147503
SETUP_LOSS,BUY,M5,ATR,313,3.614147,1.919000,0.912250,4.197500,0.137750,30.328250
SETUP_LOSS,BUY,M5,ATR_PCT_PRICE,313,0.121810,0.091924,0.054046,0.152536,0.012022,0.733809
SETUP_LOSS,BUY,M5,EMA200_DIST_POINTS,313,1532.738109,700.021325,290.100004,1598.612164,0.150749,24035.769164
SETUP_LOSS,BUY,M5,EMA200_DIST_ATR,313,-2.949052,-3.450835,-5.525493,-1.130811,-16.976156,23.130177
SETUP_LOSS,BUY,M15,RSI,313,35.407147,34.045575,26.344598,43.380039,7.383082,69.830945
SETUP_LOSS,BUY,M15,ADX,313,32.171341,30.395164,22.995131,38.867488,10.659035,72.820933
SETUP_LOSS,BUY,M15,CCI,313,-144.558572,-156.150473,-204.326057,-86.551270,-444.832311,274.163053
SETUP_LOSS,BUY,M15,DI_PLUS,313,11.614894,10.826328,7.873660,14.953469,1.792282,29.603000
SETUP_LOSS,BUY,M15,DI_MINUS,313,27.522210,27.817339,21.601561,32.871848,7.979970,46.035746
SETUP_LOSS,BUY,M15,DI_GAP,313,16.969431,16.974565,8.815432,23.608147,0.011596,38.615627
SETUP_LOSS,BUY,M15,ATR,313,5.392759,2.812000,1.330000,6.337500,0.410000,46.938000
SETUP_LOSS,BUY,M15,ATR_PCT_PRICE,313,0.182175,0.134667,0.087055,0.234921,0.025814,1.036911
SETUP_LOSS,BUY,M15,EMA200_DIST_POINTS,313,2119.136621,885.834387,417.385148,2050.044335,3.074140,34559.455093
SETUP_LOSS,BUY,M15,EMA200_DIST_ATR,313,-1.775020,-2.209632,-4.846922,0.237499,-14.379117,22.714642
SETUP_LOSS,BUY,M30,RSI,313,38.538540,37.613373,30.018170,46.119478,7.388724,71.998063
SETUP_LOSS,BUY,M30,ADX,313,31.808306,28.968151,22.543211,38.362912,11.828949,75.143723
SETUP_LOSS,BUY,M30,CCI,313,-125.570613,-141.190357,-190.073113,-60.118366,-416.419011,249.749215
SETUP_LOSS,BUY,M30,DI_PLUS,313,12.131431,11.527819,7.596056,15.302456,1.231115,32.749528
SETUP_LOSS,BUY,M30,DI_MINUS,313,26.060017,26.390042,20.629393,31.571972,6.279110,43.033429
SETUP_LOSS,BUY,M30,DI_GAP,313,15.623520,15.175816,7.847247,22.209416,0.051849,40.472092
SETUP_LOSS,BUY,M30,ATR,313,6.995611,3.875250,1.834000,8.150000,0.705000,57.485500
SETUP_LOSS,BUY,M30,ATR_PCT_PRICE,313,0.237856,0.178072,0.120796,0.297571,0.046815,1.269917
SETUP_LOSS,BUY,M30,EMA200_DIST_POINTS,313,2939.420209,1365.864344,593.468469,2854.290593,6.193672,41833.681021
SETUP_LOSS,BUY,M30,EMA200_DIST_ATR,313,-1.252331,-1.556709,-5.175237,2.043098,-19.280914,24.473387
SETUP_LOSS,BUY,H1,RSI,313,41.259757,41.261768,32.963284,49.593947,8.332642,75.398346
SETUP_LOSS,BUY,H1,ADX,313,30.276888,28.210914,22.089455,35.833162,9.981282,77.345545
SETUP_LOSS,BUY,H1,CCI,313,-103.787553,-119.300574,-180.922149,-31.488601,-389.263141,174.139057
SETUP_LOSS,BUY,H1,DI_PLUS,313,13.352295,12.247952,9.710007,16.992844,2.256454,34.735422
SETUP_LOSS,BUY,H1,DI_MINUS,313,24.055598,24.107388,17.863451,29.578951,5.689182,44.602461
SETUP_LOSS,BUY,H1,DI_GAP,313,13.853630,13.025362,5.830127,19.966260,0.002920,41.716917
SETUP_LOSS,BUY,H1,ATR,313,9.425675,5.062500,2.652500,10.799250,1.140000,78.166500
SETUP_LOSS,BUY,H1,ATR_PCT_PRICE,313,0.320327,0.257674,0.183428,0.374179,0.068104,1.499974
SETUP_LOSS,BUY,H1,EMA200_DIST_POINTS,313,4207.442091,1828.902547,971.481243,4374.634015,20.087943,48792.421407
SETUP_LOSS,BUY,H1,EMA200_DIST_ATR,313,-0.930856,-0.356186,-5.408398,3.504516,-15.527422,13.198103
SETUP_LOSS,BUY,H4,RSI,308,45.297385,45.197412,35.640188,53.845734,10.416686,83.987652
SETUP_LOSS,BUY,H4,ADX,308,30.282070,28.917266,22.646661,37.607848,10.946815,63.257302
SETUP_LOSS,BUY,H4,CCI,308,-52.287197,-40.461138,-135.694071,25.536172,-432.354644,175.854033
SETUP_LOSS,BUY,H4,DI_PLUS,308,15.540435,15.076971,11.091289,20.157105,1.872096,30.619837
SETUP_LOSS,BUY,H4,DI_MINUS,308,20.413364,19.238597,14.332155,25.779378,4.164351,50.113185
SETUP_LOSS,BUY,H4,DI_GAP,308,11.267719,9.389105,4.574550,16.065063,0.096201,42.513753
SETUP_LOSS,BUY,H4,ATR,308,19.166086,9.133125,4.676500,26.094375,1.958750,233.702750
SETUP_LOSS,BUY,H4,ATR_PCT_PRICE,308,0.613184,0.471673,0.303368,0.723083,0.136208,4.380050
SETUP_LOSS,BUY,H4,EMA200_DIST_POINTS,308,7953.843656,3701.979607,1578.724845,8683.392617,49.869615,73598.699004
SETUP_LOSS,BUY,H4,EMA200_DIST_ATR,308,0.212525,0.444180,-4.045404,4.249571,-13.458563,19.108330
SETUP_LOSS,SELL,M1,RSI,55,68.096292,69.464054,59.607402,76.737513,31.225869,94.402145
SETUP_LOSS,SELL,M1,ADX,55,38.417920,37.019992,28.148922,47.950967,14.489365,72.220979
SETUP_LOSS,SELL,M1,CCI,55,129.844477,144.512513,53.668608,210.745830,-196.451589,466.666667
SETUP_LOSS,SELL,M1,DI_PLUS,55,30.424384,32.312824,22.473671,38.276800,6.913792,54.038483
SETUP_LOSS,SELL,M1,DI_MINUS,55,12.519010,9.307430,7.137136,15.925477,4.025350,32.984448
SETUP_LOSS,SELL,M1,DI_GAP,55,21.166430,22.038063,11.516144,29.874009,0.179042,49.283239
SETUP_LOSS,SELL,M1,ATR,55,1.826782,0.737500,0.387000,2.275000,0.125000,15.577500
SETUP_LOSS,SELL,M1,ATR_PCT_PRICE,55,0.064254,0.040677,0.022181,0.082167,0.009913,0.332229
SETUP_LOSS,SELL,M1,EMA200_DIST_POINTS,55,945.028178,447.643231,188.841697,1124.756510,9.043365,7994.606958
SETUP_LOSS,SELL,M1,EMA200_DIST_ATR,55,5.167640,5.326293,3.859506,6.813057,-7.771464,12.725981
SETUP_LOSS,SELL,M5,RSI,55,67.324388,67.527537,60.185561,73.948721,34.610656,88.218530
SETUP_LOSS,SELL,M5,ADX,55,34.023054,30.434461,24.640762,40.602703,17.598168,65.154404
SETUP_LOSS,SELL,M5,CCI,55,159.986128,143.448279,106.714486,209.646918,-82.054365,466.666667
SETUP_LOSS,SELL,M5,DI_PLUS,55,29.015663,28.312162,22.988879,33.988946,10.873918,47.996007
SETUP_LOSS,SELL,M5,DI_MINUS,55,11.829187,10.384817,8.320109,14.489999,3.288107,30.382731
SETUP_LOSS,SELL,M5,DI_GAP,55,18.466307,17.854062,12.718658,25.254452,2.296083,44.122956
SETUP_LOSS,SELL,M5,ATR,55,3.669932,1.612500,0.761250,4.055250,0.372250,29.692000
SETUP_LOSS,SELL,M5,ATR_PCT_PRICE,55,0.121420,0.088071,0.051326,0.148841,0.029521,0.633256
SETUP_LOSS,SELL,M5,EMA200_DIST_POINTS,55,1542.774497,679.514263,272.761233,1512.949209,7.747451,12473.519245
SETUP_LOSS,SELL,M5,EMA200_DIST_ATR,55,3.248963,3.765454,-0.002974,6.209460,-6.434800,11.464061
SETUP_LOSS,SELL,M15,RSI,55,64.912586,64.425691,57.256055,73.941914,31.124987,91.499408
SETUP_LOSS,SELL,M15,ADX,55,33.774095,30.708567,23.033097,38.932603,13.916957,75.727303
SETUP_LOSS,SELL,M15,CCI,55,160.386102,151.858553,104.659488,209.168435,-108.800843,460.089673
SETUP_LOSS,SELL,M15,DI_PLUS,55,27.971673,27.577642,21.571964,33.288059,9.426481,43.832227
SETUP_LOSS,SELL,M15,DI_MINUS,55,11.660783,10.189296,6.936675,14.828128,1.436306,29.883521
SETUP_LOSS,SELL,M15,DI_GAP,55,17.323253,16.709609,9.220430,22.666249,0.335569,40.437981
SETUP_LOSS,SELL,M15,ATR,55,6.070705,2.655000,1.469250,6.620500,0.533000,46.659000
SETUP_LOSS,SELL,M15,ATR_PCT_PRICE,55,0.193581,0.124885,0.088090,0.238651,0.043361,1.001951
SETUP_LOSS,SELL,M15,EMA200_DIST_POINTS,55,2919.962566,827.094390,350.104546,1885.652101,9.533028,37114.917457
SETUP_LOSS,SELL,M15,EMA200_DIST_ATR,55,2.398910,3.175584,-0.331339,4.714527,-8.000198,14.047338
SETUP_LOSS,SELL,M30,RSI,55,61.896111,65.537384,51.091144,70.952043,32.143334,86.370149
SETUP_LOSS,SELL,M30,ADX,55,32.068719,30.760807,21.942874,38.605488,17.305264,57.750998
SETUP_LOSS,SELL,M30,CCI,55,125.322524,145.619492,44.867178,192.497547,-188.796948,405.107159
SETUP_LOSS,SELL,M30,DI_PLUS,55,25.561994,25.078482,20.202610,30.609272,10.629089,44.898264
SETUP_LOSS,SELL,M30,DI_MINUS,55,12.519663,10.800520,7.141986,17.584435,3.966517,35.563255
SETUP_LOSS,SELL,M30,DI_GAP,55,14.812514,14.314690,5.712837,20.507270,0.169843,40.386357
SETUP_LOSS,SELL,M30,ATR,55,8.905941,3.375000,2.032625,7.972125,0.770250,80.369250
SETUP_LOSS,SELL,M30,ATR_PCT_PRICE,55,0.273421,0.178840,0.117168,0.293569,0.061083,1.735756
SETUP_LOSS,SELL,M30,EMA200_DIST_POINTS,55,3232.275595,837.256331,283.332026,1564.172218,19.767402,44750.927222
SETUP_LOSS,SELL,M30,EMA200_DIST_ATR,55,2.197128,2.202882,0.011687,3.960351,-5.568165,10.859356
SETUP_LOSS,SELL,H1,RSI,55,58.614739,61.086239,48.395581,68.385548,33.671165,78.643192
SETUP_LOSS,SELL,H1,ADX,55,30.174911,30.427369,20.292900,36.655281,11.507599,59.261321
SETUP_LOSS,SELL,H1,CCI,55,82.922758,95.545119,-24.158374,164.492597,-165.433545,294.023134
SETUP_LOSS,SELL,H1,DI_PLUS,55,23.413347,22.738650,17.769050,28.724665,9.818275,44.671722
SETUP_LOSS,SELL,H1,DI_MINUS,55,14.359969,12.707950,9.163201,17.866387,4.789705,30.275268
SETUP_LOSS,SELL,H1,DI_GAP,55,13.456154,11.546511,6.468366,19.208019,0.347356,38.692147
SETUP_LOSS,SELL,H1,ATR,55,12.775586,4.226750,2.755625,9.623750,0.847750,149.765000
SETUP_LOSS,SELL,H1,ATR_PCT_PRICE,55,0.378467,0.221338,0.174925,0.367369,0.068966,3.234515
SETUP_LOSS,SELL,H1,EMA200_DIST_POINTS,55,2901.345627,1200.951152,528.894301,2068.736284,2.948363,39321.504565
SETUP_LOSS,SELL,H1,EMA200_DIST_ATR,55,2.064638,2.016353,0.253687,3.794051,-3.239496,10.041838
SETUP_LOSS,SELL,H4,RSI,55,55.641593,54.698923,49.895728,62.723588,30.195648,73.287456
SETUP_LOSS,SELL,H4,ADX,55,24.134003,23.456638,19.941133,27.647430,11.638425,43.664520
SETUP_LOSS,SELL,H4,CCI,55,61.702150,82.188375,-41.296177,143.599018,-109.269852,306.199274
SETUP_LOSS,SELL,H4,DI_PLUS,55,20.234392,20.799979,15.033918,24.454498,6.922448,33.386573
SETUP_LOSS,SELL,H4,DI_MINUS,55,16.259381,14.467154,12.538200,20.524708,8.214364,29.660587
SETUP_LOSS,SELL,H4,DI_GAP,55,10.187238,10.630237,5.566244,13.754362,0.154239,24.308087
SETUP_LOSS,SELL,H4,ATR,55,22.639264,8.076250,5.125875,16.671250,2.507500,236.049000
SETUP_LOSS,SELL,H4,ATR_PCT_PRICE,55,0.685302,0.449682,0.293197,0.679049,0.187611,5.034332
SETUP_LOSS,SELL,H4,EMA200_DIST_POINTS,55,5536.012937,2177.053829,797.766351,7362.778421,9.541926,31673.842405
SETUP_LOSS,SELL,H4,EMA200_DIST_ATR,55,0.831612,0.304410,-2.326811,3.479470,-7.809917,10.019692
SETUP_DEEPSTOP,ALL,M1,RSI,257,35.320438,30.139741,23.859426,45.787713,4.751411,94.402145
SETUP_DEEPSTOP,ALL,M1,ADX,257,35.312847,32.326094,25.169421,44.089834,14.370408,89.058620
SETUP_DEEPSTOP,ALL,M1,CCI,257,-118.882466,-160.899980,-224.687017,-6.093109,-466.666667,466.666667
SETUP_DEEPSTOP,ALL,M1,DI_PLUS,257,15.166567,12.130341,8.422441,20.078378,0.894981,48.885136
SETUP_DEEPSTOP,ALL,M1,DI_MINUS,257,29.866970,31.998958,19.545217,37.985211,4.850637,58.632991
SETUP_DEEPSTOP,ALL,M1,DI_GAP,257,21.778354,22.057046,12.282942,30.096699,0.204886,57.285740
SETUP_DEEPSTOP,ALL,M1,ATR,257,1.047776,0.617500,0.322500,1.326750,0.077000,9.276500
SETUP_DEEPSTOP,ALL,M1,ATR_PCT_PRICE,257,0.047518,0.036678,0.018576,0.061814,0.005816,0.228806
SETUP_DEEPSTOP,ALL,M1,EMA200_DIST_POINTS,257,575.913275,321.018978,158.654066,682.781503,3.367892,4039.365374
SETUP_DEEPSTOP,ALL,M1,EMA200_DIST_ATR,257,-3.772753,-4.764900,-6.933336,-1.114345,-18.004947,12.309720
SETUP_DEEPSTOP,ALL,M5,RSI,257,37.099512,32.682252,25.102101,45.958235,9.895696,88.218530
SETUP_DEEPSTOP,ALL,M5,ADX,257,35.368132,33.552794,25.838782,43.011431,10.757575,71.480658
SETUP_DEEPSTOP,ALL,M5,CCI,257,-124.504158,-148.717130,-208.462147,-87.223788,-438.706121,466.666667
SETUP_DEEPSTOP,ALL,M5,DI_PLUS,257,12.777435,10.180836,7.581678,15.355030,2.182179,42.531762
SETUP_DEEPSTOP,ALL,M5,DI_MINUS,257,27.695020,28.917278,21.538685,34.234902,3.288107,53.992585
SETUP_DEEPSTOP,ALL,M5,DI_GAP,257,20.079443,21.244307,12.697882,26.710816,0.556365,49.147503
SETUP_DEEPSTOP,ALL,M5,ATR,257,1.995985,1.252500,0.698250,2.435750,0.137750,14.948500
SETUP_DEEPSTOP,ALL,M5,ATR_PCT_PRICE,257,0.088928,0.073240,0.044575,0.117291,0.012022,0.291330
SETUP_DEEPSTOP,ALL,M5,EMA200_DIST_POINTS,257,968.476447,500.348459,213.830031,1075.428683,0.150749,7948.558093
SETUP_DEEPSTOP,ALL,M5,EMA200_DIST_ATR,257,-2.203872,-3.151061,-5.557993,0.352636,-16.976156,23.130177
SETUP_DEEPSTOP,ALL,M15,RSI,257,39.764205,36.533815,27.148916,49.950783,7.383082,91.499408
SETUP_DEEPSTOP,ALL,M15,ADX,257,32.786200,30.708567,23.563305,39.521500,12.993218,75.727303
SETUP_DEEPSTOP,ALL,M15,CCI,257,-98.396907,-137.753887,-193.893759,-9.420854,-444.832311,460.089673
SETUP_DEEPSTOP,ALL,M15,DI_PLUS,257,14.101878,12.021766,8.374144,17.982206,1.792282,41.874287
SETUP_DEEPSTOP,ALL,M15,DI_MINUS,257,25.270234,26.358067,19.059870,32.251264,1.436306,46.035746
SETUP_DEEPSTOP,ALL,M15,DI_GAP,257,17.198485,17.318500,9.163489,23.661970,0.011596,40.437981
SETUP_DEEPSTOP,ALL,M15,ATR,257,3.074845,1.938500,1.109000,3.755750,0.410000,20.449500
SETUP_DEEPSTOP,ALL,M15,ATR_PCT_PRICE,257,0.135996,0.109075,0.077418,0.181641,0.025814,0.489255
SETUP_DEEPSTOP,ALL,M15,EMA200_DIST_POINTS,257,1539.634716,760.482885,360.712191,1606.347062,3.074140,13057.563368
SETUP_DEEPSTOP,ALL,M15,EMA200_DIST_ATR,257,-1.350155,-2.136658,-4.908647,1.580142,-14.379117,22.714642
SETUP_DEEPSTOP,ALL,M30,RSI,257,41.889428,40.459987,30.545111,50.419944,7.449881,86.370149
SETUP_DEEPSTOP,ALL,M30,ADX,257,32.521780,29.202411,21.938323,39.888811,12.163930,75.143723
SETUP_DEEPSTOP,ALL,M30,CCI,257,-86.365397,-123.860125,-177.621341,9.722278,-349.678647,405.107159
SETUP_DEEPSTOP,ALL,M30,DI_PLUS,257,14.201113,12.921241,7.688463,18.743518,1.231115,44.898264
SETUP_DEEPSTOP,ALL,M30,DI_MINUS,257,24.148263,25.382283,17.945604,31.005741,3.966517,43.033429
SETUP_DEEPSTOP,ALL,M30,DI_GAP,257,16.013219,15.268315,7.950795,22.897521,0.051849,40.472092
SETUP_DEEPSTOP,ALL,M30,ATR,257,4.038289,2.574250,1.448250,5.110000,0.705000,19.858750
SETUP_DEEPSTOP,ALL,M30,ATR_PCT_PRICE,257,0.180519,0.147977,0.105969,0.230297,0.046815,0.949523
SETUP_DEEPSTOP,ALL,M30,EMA200_DIST_POINTS,257,2121.313365,1019.862100,468.038932,2108.537050,14.188954,17774.751057
SETUP_DEEPSTOP,ALL,M30,EMA200_DIST_ATR,257,-1.000124,-1.653651,-5.198350,2.780911,-19.280914,24.473387
SETUP_DEEPSTOP,ALL,H1,RSI,257,43.426126,43.131713,33.991682,51.276088,10.177282,78.643192
SETUP_DEEPSTOP,ALL,H1,ADX,257,30.381680,28.479249,20.394838,36.731207,9.981282,77.345545
SETUP_DEEPSTOP,ALL,H1,CCI,257,-77.306718,-100.975400,-176.702641,16.031006,-333.847540,288.981528
SETUP_DEEPSTOP,ALL,H1,DI_PLUS,257,14.796879,12.796944,9.821936,18.120434,2.256454,44.671722
SETUP_DEEPSTOP,ALL,H1,DI_MINUS,257,22.887625,23.548580,15.894544,28.836173,4.789705,44.602461
SETUP_DEEPSTOP,ALL,H1,DI_GAP,257,14.421318,13.621984,6.050346,20.740414,0.002920,41.716917
SETUP_DEEPSTOP,ALL,H1,ATR,257,5.566651,3.592500,2.261500,6.283500,0.847750,29.864250
SETUP_DEEPSTOP,ALL,H1,ATR_PCT_PRICE,257,0.246728,0.206539,0.162319,0.304864,0.068104,1.432816
SETUP_DEEPSTOP,ALL,H1,EMA200_DIST_POINTS,257,2935.382653,1479.111454,706.177259,2952.993447,20.087943,24007.365099
SETUP_DEEPSTOP,ALL,H1,EMA200_DIST_ATR,257,-0.874084,-0.376692,-5.394476,3.984418,-15.527422,13.198103
SETUP_DEEPSTOP,ALL,H4,RSI,252,45.906930,45.120651,34.945859,54.872647,14.727013,83.987652
SETUP_DEEPSTOP,ALL,H4,ADX,252,28.926044,27.781144,21.748285,34.209638,10.946815,63.257302
SETUP_DEEPSTOP,ALL,H4,CCI,252,-43.653868,-41.688527,-133.743868,32.719671,-340.041631,306.199274
SETUP_DEEPSTOP,ALL,H4,DI_PLUS,252,15.557304,14.554061,11.164639,19.401515,1.872096,33.386573
SETUP_DEEPSTOP,ALL,H4,DI_MINUS,252,20.041631,19.139803,12.859942,25.779378,4.640880,45.019434
SETUP_DEEPSTOP,ALL,H4,DI_GAP,252,11.535922,9.996986,5.329808,16.978869,0.096201,35.965130
SETUP_DEEPSTOP,ALL,H4,ATR,252,10.950941,5.863500,3.983500,11.395437,1.958750,59.552500
SETUP_DEEPSTOP,ALL,H4,ATR_PCT_PRICE,252,0.459204,0.381963,0.278529,0.558245,0.136208,1.757073
SETUP_DEEPSTOP,ALL,H4,EMA200_DIST_POINTS,252,4900.302337,2636.283754,1142.313385,5645.466130,9.541926,38114.066803
SETUP_DEEPSTOP,ALL,H4,EMA200_DIST_ATR,252,-0.064432,0.170938,-3.780608,3.856738,-13.458563,19.108330
SETUP_DEEPSTOP,BUY,M1,RSI,222,29.922060,27.704367,22.813366,35.069049,4.751411,71.606204
SETUP_DEEPSTOP,BUY,M1,ADX,222,34.992973,31.935631,24.968983,43.658451,14.370408,89.058620
SETUP_DEEPSTOP,BUY,M1,CCI,222,-162.758459,-174.017663,-234.516128,-118.386762,-466.666667,268.283002
SETUP_DEEPSTOP,BUY,M1,DI_PLUS,222,12.651629,11.388743,7.683867,16.955929,0.894981,37.376396
SETUP_DEEPSTOP,BUY,M1,DI_MINUS,222,32.662956,33.125230,26.951688,39.327268,10.029517,58.632991
SETUP_DEEPSTOP,BUY,M1,DI_GAP,222,21.901359,22.773542,12.707583,30.111433,0.204886,57.285740
SETUP_DEEPSTOP,BUY,M1,ATR,222,1.086785,0.624250,0.323625,1.438125,0.077000,9.276500
SETUP_DEEPSTOP,BUY,M1,ATR_PCT_PRICE,222,0.046844,0.037369,0.018485,0.061944,0.005816,0.198163
SETUP_DEEPSTOP,BUY,M1,EMA200_DIST_POINTS,222,598.441627,324.614895,159.018640,709.345921,3.367892,4039.365374
SETUP_DEEPSTOP,BUY,M1,EMA200_DIST_ATR,222,-5.285724,-5.328446,-7.354627,-3.244466,-18.004947,10.596389
SETUP_DEEPSTOP,BUY,M5,RSI,222,31.972505,30.477928,23.569354,38.465817,9.895696,61.799801
SETUP_DEEPSTOP,BUY,M5,ADX,222,35.567739,33.571791,26.017911,44.267556,10.757575,71.480658
SETUP_DEEPSTOP,BUY,M5,CCI,222,-171.388241,-159.553795,-218.942314,-120.794820,-438.706121,122.818863
SETUP_DEEPSTOP,BUY,M5,DI_PLUS,222,10.213030,9.448534,7.173539,12.614762,2.182179,29.649484
SETUP_DEEPSTOP,BUY,M5,DI_MINUS,222,30.215938,30.526400,25.538793,35.472335,11.798387,53.992585
SETUP_DEEPSTOP,BUY,M5,DI_GAP,222,20.414052,21.430986,12.722790,27.366349,0.556365,49.147503
SETUP_DEEPSTOP,BUY,M5,ATR,222,2.088699,1.282125,0.714875,2.490125,0.137750,14.948500
SETUP_DEEPSTOP,BUY,M5,ATR_PCT_PRICE,222,0.089084,0.074586,0.044758,0.117189,0.012022,0.291330
SETUP_DEEPSTOP,BUY,M5,EMA200_DIST_POINTS,222,1017.091797,488.106760,214.068536,1082.195849,0.150749,7948.558093
SETUP_DEEPSTOP,BUY,M5,EMA200_DIST_ATR,222,-3.151987,-3.647591,-5.864776,-1.138757,-16.976156,23.130177
SETUP_DEEPSTOP,BUY,M15,RSI,222,35.318929,33.489129,26.180815,44.467894,7.383082,67.990521
SETUP_DEEPSTOP,BUY,M15,ADX,222,32.283397,30.527469,23.367771,39.112198,12.993218,72.820933
SETUP_DEEPSTOP,BUY,M15,CCI,222,-142.217730,-150.104225,-203.135941,-84.074327,-444.832311,107.747582
SETUP_DEEPSTOP,BUY,M15,DI_PLUS,222,11.736883,11.003332,8.086390,15.306374,1.792282,29.603000
SETUP_DEEPSTOP,BUY,M15,DI_MINUS,222,27.595896,28.235597,21.384353,32.990480,7.979970,46.035746
SETUP_DEEPSTOP,BUY,M15,DI_GAP,222,16.951856,17.365972,8.864577,23.651577,0.011596,38.615627
SETUP_DEEPSTOP,BUY,M15,ATR,222,3.230315,1.998375,1.086500,4.070625,0.410000,20.449500
SETUP_DEEPSTOP,BUY,M15,ATR_PCT_PRICE,222,0.137106,0.109129,0.075689,0.182599,0.025814,0.489255
SETUP_DEEPSTOP,BUY,M15,EMA200_DIST_POINTS,222,1658.740744,773.526172,392.110256,1691.221052,3.074140,13057.563368
SETUP_DEEPSTOP,BUY,M15,EMA200_DIST_ATR,222,-1.988287,-2.915321,-5.232266,0.111852,-14.379117,22.714642
SETUP_DEEPSTOP,BUY,M30,RSI,222,38.361151,37.339101,29.111740,46.675791,7.449881,71.693071
SETUP_DEEPSTOP,BUY,M30,ADX,222,32.147769,28.546695,21.752745,39.491620,12.163930,75.143723
SETUP_DEEPSTOP,BUY,M30,CCI,222,-123.852673,-139.246583,-189.326408,-48.401050,-349.678647,150.847609
SETUP_DEEPSTOP,BUY,M30,DI_PLUS,222,12.089369,11.655612,7.363125,15.271003,1.231115,31.004487
SETUP_DEEPSTOP,BUY,M30,DI_MINUS,222,26.251037,27.056541,20.020211,32.095839,6.279110,43.033429
SETUP_DEEPSTOP,BUY,M30,DI_GAP,222,15.845131,15.295529,7.795177,22.759985,0.051849,40.472092
SETUP_DEEPSTOP,BUY,M30,ATR,222,4.253095,2.641250,1.447875,5.403500,0.705000,19.858750
SETUP_DEEPSTOP,BUY,M30,ATR_PCT_PRICE,222,0.183026,0.147012,0.106492,0.234787,0.046815,0.949523
SETUP_DEEPSTOP,BUY,M30,EMA200_DIST_POINTS,222,2337.387297,1101.009955,493.037288,2365.870042,14.188954,17774.751057
SETUP_DEEPSTOP,BUY,M30,EMA200_DIST_ATR,222,-1.556876,-2.358839,-5.851219,1.881509,-19.280914,24.473387
SETUP_DEEPSTOP,BUY,H1,RSI,222,40.791810,40.756858,31.437547,49.351649,10.177282,75.398346
SETUP_DEEPSTOP,BUY,H1,ADX,222,30.233280,28.273565,20.337147,36.718670,9.981282,77.345545
SETUP_DEEPSTOP,BUY,H1,CCI,222,-106.560254,-120.190896,-187.215331,-35.998324,-333.847540,146.740597
SETUP_DEEPSTOP,BUY,H1,DI_PLUS,222,13.079485,12.104808,9.245304,16.724520,2.256454,34.735422
SETUP_DEEPSTOP,BUY,H1,DI_MINUS,222,24.464529,24.447571,17.914668,30.002343,5.689182,44.602461
SETUP_DEEPSTOP,BUY,H1,DI_GAP,222,14.289486,13.550135,5.918927,20.879299,0.002920,41.716917
SETUP_DEEPSTOP,BUY,H1,ATR,222,5.907361,3.663750,2.206562,7.619313,1.140000,29.864250
SETUP_DEEPSTOP,BUY,H1,ATR_PCT_PRICE,222,0.252772,0.207979,0.162343,0.309467,0.068104,1.432816
SETUP_DEEPSTOP,BUY,H1,EMA200_DIST_POINTS,222,3248.861464,1632.074926,856.739836,3472.925310,20.087943,24007.365099
SETUP_DEEPSTOP,BUY,H1,EMA200_DIST_ATR,222,-1.461448,-1.367104,-6.111219,3.514203,-15.527422,13.198103
SETUP_DEEPSTOP,BUY,H4,RSI,217,44.156809,43.444752,33.279278,52.539185,14.727013,83.987652
SETUP_DEEPSTOP,BUY,H4,ADX,217,29.591859,28.869311,21.815512,36.250988,10.946815,63.257302
SETUP_DEEPSTOP,BUY,H4,CCI,217,-60.930573,-61.896963,-141.020057,8.005594,-340.041631,168.669475
SETUP_DEEPSTOP,BUY,H4,DI_PLUS,217,14.654962,13.932132,10.586968,17.931057,1.872096,30.619837
SETUP_DEEPSTOP,BUY,H4,DI_MINUS,217,20.818931,19.955904,14.769375,26.579275,4.640880,45.019434
SETUP_DEEPSTOP,BUY,H4,DI_GAP,217,11.734632,9.791075,5.244830,17.602429,0.096201,35.965130
SETUP_DEEPSTOP,BUY,H4,ATR,217,11.628934,5.915750,3.903250,12.619000,1.958750,59.552500
SETUP_DEEPSTOP,BUY,H4,ATR_PCT_PRICE,217,0.466330,0.381889,0.278556,0.566202,0.136208,1.757073
SETUP_DEEPSTOP,BUY,H4,EMA200_DIST_POINTS,217,5359.471746,2813.671969,1394.315671,6216.830072,49.869615,38114.066803
SETUP_DEEPSTOP,BUY,H4,EMA200_DIST_ATR,217,-0.410426,-0.404858,-5.058956,3.847491,-13.458563,19.108330
SETUP_DEEPSTOP,SELL,M1,RSI,35,69.561584,69.385608,64.752948,77.063954,35.751737,94.402145
SETUP_DEEPSTOP,SELL,M1,ADX,35,37.341760,37.019992,28.148922,45.805488,16.628030,72.220979
SETUP_DEEPSTOP,SELL,M1,CCI,35,159.416685,163.823027,121.920216,211.944937,-196.451589,466.666667
SETUP_DEEPSTOP,SELL,M1,DI_PLUS,35,31.118462,31.442610,22.877107,38.686376,11.822082,48.885136
SETUP_DEEPSTOP,SELL,M1,DI_MINUS,35,12.132433,9.448302,7.333047,14.679741,4.850637,32.254969
SETUP_DEEPSTOP,SELL,M1,DI_GAP,35,20.998146,20.432887,12.168130,29.986103,2.803802,43.145719
SETUP_DEEPSTOP,SELL,M1,ATR,35,0.800350,0.490500,0.315750,0.978375,0.125000,3.358000
SETUP_DEEPSTOP,SELL,M1,ATR_PCT_PRICE,35,0.051793,0.027998,0.019729,0.057218,0.009913,0.228806
SETUP_DEEPSTOP,SELL,M1,EMA200_DIST_POINTS,35,433.019157,269.373126,169.248618,514.565329,9.043365,1615.886948
SETUP_DEEPSTOP,SELL,M1,EMA200_DIST_ATR,35,5.823802,5.576388,4.114523,8.002836,-0.530796,12.309720
SETUP_DEEPSTOP,SELL,M5,RSI,35,69.619380,69.629418,63.702578,75.442032,45.958235,88.218530
SETUP_DEEPSTOP,SELL,M5,ADX,35,34.102053,32.376890,24.623375,40.858466,17.598168,65.154404
SETUP_DEEPSTOP,SELL,M5,CCI,35,172.874881,143.448279,120.543637,212.571279,-82.054365,466.666667
SETUP_DEEPSTOP,SELL,M5,DI_PLUS,35,29.043091,30.141937,23.460700,33.597281,18.218599,42.531762
SETUP_DEEPSTOP,SELL,M5,DI_MINUS,35,11.705202,10.447553,7.803728,14.489999,3.288107,26.266219
SETUP_DEEPSTOP,SELL,M5,DI_GAP,35,17.957063,18.220756,12.728284,24.531392,2.296083,33.030511
SETUP_DEEPSTOP,SELL,M5,ATR,35,1.407914,1.056750,0.649000,1.952000,0.372250,3.840500
SETUP_DEEPSTOP,SELL,M5,ATR_PCT_PRICE,35,0.087940,0.061996,0.043539,0.127608,0.029521,0.250848
SETUP_DEEPSTOP,SELL,M5,EMA200_DIST_POINTS,35,660.116223,594.325585,210.860182,876.111553,7.747451,2613.042543
SETUP_DEEPSTOP,SELL,M5,EMA200_DIST_ATR,35,3.809887,3.901387,1.787533,6.917726,-6.434800,11.464061
SETUP_DEEPSTOP,SELL,M15,RSI,35,67.959956,68.009379,60.370537,76.854484,43.935358,91.499408
SETUP_DEEPSTOP,SELL,M15,ADX,35,35.975405,30.935350,23.630169,45.540484,13.916957,75.727303
SETUP_DEEPSTOP,SELL,M15,CCI,35,179.552319,153.870284,121.164197,201.545507,39.509865,460.089673
SETUP_DEEPSTOP,SELL,M15,DI_PLUS,35,29.102701,29.282950,24.271972,34.360374,20.873604,41.874287
SETUP_DEEPSTOP,SELL,M15,DI_MINUS,35,10.518891,8.941228,6.452736,13.129532,1.436306,25.924517
SETUP_DEEPSTOP,SELL,M15,DI_GAP,35,18.762823,16.709609,11.886193,25.347003,0.638537,40.437981
SETUP_DEEPSTOP,SELL,M15,ATR,35,2.088721,1.627750,1.142750,2.736625,0.533000,5.966000
SETUP_DEEPSTOP,SELL,M15,ATR_PCT_PRICE,35,0.128957,0.102597,0.082167,0.156014,0.043361,0.301723
SETUP_DEEPSTOP,SELL,M15,EMA200_DIST_POINTS,35,784.162196,739.911125,308.552267,980.433978,9.533028,2936.440918
SETUP_DEEPSTOP,SELL,M15,EMA200_DIST_ATR,35,2.697429,3.175584,-0.263745,4.599909,-6.415513,14.047338
SETUP_DEEPSTOP,SELL,M30,RSI,35,64.268789,65.720186,55.029921,71.677753,39.468362,86.370149
SETUP_DEEPSTOP,SELL,M30,ADX,35,34.894081,33.693147,27.218450,42.827601,17.305264,57.750998
SETUP_DEEPSTOP,SELL,M30,CCI,35,151.411038,149.979926,87.081647,208.147887,-25.552840,405.107159
SETUP_DEEPSTOP,SELL,M30,DI_PLUS,35,27.595602,27.263319,21.915329,31.946151,13.545231,44.898264
SETUP_DEEPSTOP,SELL,M30,DI_MINUS,35,10.810669,9.656671,6.618963,14.077534,3.966517,25.617559
SETUP_DEEPSTOP,SELL,M30,DI_GAP,35,17.079378,15.268315,9.465320,24.809868,0.779941,40.386357
SETUP_DEEPSTOP,SELL,M30,ATR,35,2.675807,2.299000,1.578125,3.438750,0.770250,7.194250
SETUP_DEEPSTOP,SELL,M30,ATR_PCT_PRICE,35,0.164615,0.151636,0.099537,0.205897,0.061083,0.363841
SETUP_DEEPSTOP,SELL,M30,EMA200_DIST_POINTS,35,750.787283,678.270220,262.290994,1083.773762,19.767402,2214.491794
SETUP_DEEPSTOP,SELL,M30,EMA200_DIST_ATR,35,2.531271,2.292342,0.266961,3.960351,-3.151107,10.859356
SETUP_DEEPSTOP,SELL,H1,RSI,35,60.135218,61.834394,50.517860,70.087708,35.307294,78.643192
SETUP_DEEPSTOP,SELL,H1,ADX,35,31.322962,30.741880,22.975210,37.158412,12.637005,50.584382
SETUP_DEEPSTOP,SELL,H1,CCI,35,108.244282,104.563270,37.450767,174.373805,-69.232271,288.981528
SETUP_DEEPSTOP,SELL,H1,DI_PLUS,35,25.690061,24.885883,18.408770,30.746957,12.744938,44.671722
SETUP_DEEPSTOP,SELL,H1,DI_MINUS,35,12.885547,10.868832,8.218052,15.698089,4.789705,26.703822
SETUP_DEEPSTOP,SELL,H1,DI_GAP,35,15.257504,14.813224,6.527438,20.072459,0.347356,38.692147
SETUP_DEEPSTOP,SELL,H1,ATR,35,3.405571,3.091000,2.280250,4.230625,0.847750,8.655000
SETUP_DEEPSTOP,SELL,H1,ATR_PCT_PRICE,35,0.208393,0.192335,0.148043,0.272048,0.068966,0.437716
SETUP_DEEPSTOP,SELL,H1,EMA200_DIST_POINTS,35,947.031339,719.375544,395.228255,1418.607637,69.108492,2391.468588
SETUP_DEEPSTOP,SELL,H1,EMA200_DIST_ATR,35,2.851486,2.480178,1.233764,4.460357,-1.666732,10.041838
SETUP_DEEPSTOP,SELL,H4,RSI,35,56.757676,55.775639,50.558538,63.370122,42.075791,73.287456
SETUP_DEEPSTOP,SELL,H4,ADX,35,24.797990,23.967969,21.740182,27.647430,16.134624,38.776908
SETUP_DEEPSTOP,SELL,H4,CCI,35,63.461703,83.291621,-41.296177,155.147065,-107.312400,306.199274
SETUP_DEEPSTOP,SELL,H4,DI_PLUS,35,21.151828,20.837964,15.093319,25.474623,8.743333,33.386573
SETUP_DEEPSTOP,SELL,H4,DI_MINUS,35,15.222368,14.433523,12.523627,18.688276,8.214364,26.393410
SETUP_DEEPSTOP,SELL,H4,DI_GAP,35,10.303924,10.630237,5.566244,13.754362,0.154239,24.308087
SETUP_DEEPSTOP,SELL,H4,ATR,35,6.747386,5.727500,4.150625,8.846500,2.507500,15.422500
SETUP_DEEPSTOP,SELL,H4,ATR_PCT_PRICE,35,0.415023,0.393088,0.276422,0.535091,0.187611,0.779975
SETUP_DEEPSTOP,SELL,H4,EMA200_DIST_POINTS,35,2053.451998,1018.092051,642.538077,3189.686095,9.541926,7129.063659
SETUP_DEEPSTOP,SELL,H4,EMA200_DIST_ATR,35,2.080735,2.362608,0.086348,4.151668,-2.699435,6.682655
